d,c,w,CA/FA ,Dmax,ratio of aggregate to binder,BFS,fly ash,Silicon,superplasticizer,age,w/b,fc
100,275,190,1.93,31.5,2.92,20,30,0,10.9,7,0.35,33.8
200,151.31,108,2.57,40,14.35,0,0,0,1.82,28,0.71,18.29
100,180,175,1.49,31.5,4.98,20,30,0,6,60,0.48,39.9
150,175,209,1.52,19,11.05,0,0,0,0,28,1.19,13
150,280,105,1.23,16,5.78,0,0,20,28.5,7,0.3,58
200,64.85,108,2.57,80,13.32,60,0,0,1.95,28,0.67,16.55
100,235,175,1.61,31.5,5.44,0,30,0,5.6,14,0.52,22.4
100,135,171,2.11,31.5,3.83,0,70,0,0,28,0.38,22.601
150,395,197.5,1.5,20,4.57,0,0,0,0,28,0.5,40.01
150,300,93,1.86,25,3.57,0,40,0,6,3,0.19,28
150,245,225,1.52,19,5.99,18,0,0,0,14,0.76,22.9
100,480,144,1.83,25,2.83,0,10,10,12,3,0.24,74.8227
100,420,144,1.83,25,2.83,20,0,10,12,3,0.24,81.7021
150,160,200,1.44,16,4.28,60,0,0,0,3,0.5,14.4
150,405,135,1.23,16,4.13,0,0,10,18.3,180,0.3,96.8
100,270,175,1.43,25,4.74,8,21,0,4.56,360,0.46,60
150,174.89,108,2.7,40,12.28,0,0,0,2.1,28,0.62,25.25
100,120,160,2,10,4.5,0,70,0,0,180,0.4,47.05
100,308.93,185.41,1.22,31.5,6.04,0,0,0,7.72,90,0.6,46.03
150,210,251,1.52,19,3.2,56,0,0,0,14,0.52,26.3
150,320,188,1.5,20,5.9,0,0,0,0,28,0.59,43.7
150,464,162,1.63,20,2.86,0,20,0,6.72,28,0.28,78.7
150,382.5,225,1.23,16,3.6,0,0,15,2.2,7,0.5,53
150,180,225,1.44,16,3.56,60,0,0,0,7,0.5,20.8
150,320,188,1.5,20,5.9,0,0,0,1.92,3,0.59,25.8
150,330,133,1.91,20,3.69,19,6,7,9.3,28,0.27,86.8
150,210,251,1.52,19,3.2,55,0,0,0,28,0.52,34.5
100,410,180,1.47,31.5,4.39,0,0,0,7.5,90,0.44,57.1
150,315,105,1.23,16,5.78,0,0,10,28.5,28,0.3,83.5
100,318.79,159.4,1.88,31.5,2.9,0,43,0,11.16,28,0.29,54.67
100,410,180,1.47,31.5,4.39,0,0,0,7.5,180,0.44,60.7
150,197.5,197.5,1.5,20,4.57,40,10,0,0,7,0.5,18.4748
100,420,144,1.83,25,2.83,0,20,10,12,7,0.24,74.1489
150,280,105,1.44,16,5.79,20,0,0,11.55,360,0.3,86.9
150,245,230,1.52,19,4.91,30,0,0,0,63,0.66,39.2
150,210,214,1.52,19,9,0,0,0,0,365,1.02,19.8
150,350,140,1.44,16,5.54,0,0,0,5.25,90,0.4,71.3
100,200,156,2,10,4.5,0,50,0,0,28,0.39,49.6
150,288,188,1.5,20,5.9,0,0,10,1.92,3,0.59,29.4
150,297.5,210,1.23,16,4.99,0,0,15,1.42,180,0.6,51
100,360,162,1.83,25,2.83,30,0,10,12,56,0.27,98.1499
100,135,171,2.11,31.5,3.83,0,70,0,0,14,0.38,13.528
150,405,135,1.23,16,4.13,0,0,10,18.3,7,0.3,90.4
150,350,140,1.23,16,5.52,0,0,0,8.54,180,0.4,72.7
150,405,270,1.23,16,3.34,0,0,10,1.1,3,0.6,23.7
100,472,172,1.35,12.5,3.75,0,0,0,0.7,3,0.36,40.5
150,405,270,1.23,16,3.34,0,0,10,1.1,28,0.6,41.6
100,318.79,159.4,1.63,31.5,3.49,0,35,0,9.57,28,0.32,54.6
150,80,120,1.44,16,4.79,80,0,0,4.8,90,0.3,76.2
100,210,172,1.62,31.5,4.09,20,30,0,8,14,0.4,36.8
150,245,250,1.52,19,3.13,50,0,0,0,63,0.51,48.5
100,385,154,1.33,25,4.7,0,0,0,3.465,90,0.4,78.5
100,360,126,1.83,25,2.83,0,30,10,12,56,0.21,104.711
300,151.31,108,2.57,80,14.35,0,0,0,1.82,28,0.71,15.4
150,255,191,1.78,20,7.66,0,0,0,0,28,0.75,12.9
150,464,162,1.63,20,2.86,0,20,0,6.72,14,0.28,73.5
150,80,160,1.44,16,4.53,80,0,0,3.6,3,0.4,22.2
150,140,105,1.44,16,5.74,60,0,0,7,90,0.3,81.2
150,280,105,1.23,16,5.78,0,0,20,28.5,28,0.3,85.9
150,400,200,1.44,16,4.34,0,0,0,0.4,28,0.5,51.4
100,250,170,1.7,31.5,5.73,18,3,0,6.8,14,0.54,41.3
100,200,186,1.43,31.5,7.62,10,10,0,4.1,90,0.74,26.1
150,80,200,1.44,16,4.26,80,0,0,0,360,0.5,34.3
150,84.28,108,3,40,10.02,60,0,0,2.53,28,0.51,30.32
150,400,165,1.57,20,4.24,0,7,0,4.71,5,0.39,42.6
150,400,120,1.44,16,4.88,0,0,0,16,7,0.3,73.8
150,320,188,1.5,20,5.9,0,0,0,0,3,0.59,27
150,280,210,1.23,16,4.99,0,0,20,1.42,28,0.6,46.7
150,245,230,1.52,19,4.91,30,0,0,0,119,0.66,42.5
150,350,175,1.23,16,5.25,0,0,0,2.85,180,0.5,61.6
100,437,176,2.46,20,4.12,0,0,0,0,28,0.4,40.25
100,235,178,1.46,31.5,6.39,10,10,0,4.9,28,0.6,32.3
150,210,219,1.52,19,7.2,18,0,0,0,7,0.86,16.7
150,105.34,108,3,40,10.02,50,0,0,2.53,28,0.51,30.51
150,140,105,1.44,16,5.74,60,0,0,7,28,0.3,73.3
150,315,140,1.23,16,5.52,0,0,10,8.54,3,0.4,45.5
100,73.21,108,2.7,40,11.69,60,0,0,2.2,28,0.59,25.14
100,225,198,2.11,31.5,3.83,0,50,0,0,7,0.44,16.289
100,180,175,1.49,31.5,4.98,20,30,0,6,28,0.48,34.8
150,160,160,1.44,16,4.55,60,0,0,2.4,90,0.4,75.1
250,105.34,108,3,40,10.02,50,0,0,2.53,28,0.51,27.02
100,400,136,2,10,4.5,0,0,0,5.6,180,0.34,78.53
100,360,144,1.83,25,2.83,30,0,10,12,3,0.24,75.411
150,475.3,242.41,2.23,25,3.3,0,0,0,0,28,0.51,29.36
100,311.5,155.75,1.61,25,3.89,0,30,0,4.005,180,0.35,87.9
150,340,120,1.23,16,4.86,0,0,15,22.76,7,0.3,65.1
150,350,140,1.23,16,5.52,0,0,0,8.54,7,0.4,51.7
150,175,218,1.52,19,7.36,30,0,0,0,14,0.87,17.4
100,215,173,1.72,31.5,5.05,0,40,0,5.7,7,0.48,17.7
150,400,188,1.63,20,4.52,0,0,0,2,7,0.47,45.1
100,180,175,1.49,31.5,4.98,20,30,0,6,7,0.48,18.2
150,400,160,1.44,16,4.61,0,0,0,6,7,0.4,53.7
150,340,200,1.23,16,4.33,0,0,15,3.25,3,0.5,31.3
100,285,175,1.55,31.5,4.55,9,21,0,6.6,14,0.43,42
150,392,180,1.5,20,3.46,15,11,0,0,28,0.34,57.9514
150,245,279,1.52,19,2.1,61,0,0,0,180,0.44,55.2
150,280,278,1.52,19,2.06,56,0,0,0,14,0.43,37
100,275,190,1.93,31.5,2.92,20,30,0,10.9,90,0.35,55.2
200,206.1,108,3,80,10.27,0,0,0,2.47,28,0.52,27.97
150,280,224,1.52,19,6.44,0,0,0,0,63,0.8,28.3
150,250,219,1.52,19,7.37,0,0,0,0,119,0.88,23.7
100,270,178,2.04,31.5,3.79,0,40,0,7.6,60,0.4,47.5
150,240,200,1.44,16,4.3,40,0,0,0,28,0.5,51.6
150,360,200,1.23,16,4.33,0,0,10,3.25,180,0.5,62.5
100,360,144,1.83,25,2.83,0,30,10,12,3,0.24,71.284
100,288.4,156.56,1.53,25,4.32,0,30,0,3.708,180,0.38,78.2
150,280,210,1.23,16,4.99,0,0,20,1.42,500,0.6,49.6
100,120.42,156.1,1.33,25,4,70,0,3,3.122,28,0.35,56.6
150,360,160,1.23,16,4.59,0,0,10,4.88,180,0.4,91.7
100,285,173,1.72,31.5,4.35,0,30,0,7.2,28,0.43,47.4
300,91.51,108,2.7,80,11.69,50,0,0,2.2,28,0.59,19.29
100,420,126,1.83,25,2.83,0,20,10,12,3,0.21,73.5106
100,120,116,2,10,4.5,0,70,0,0,365,0.29,65.5
150,340,120,1.91,20,3.35,18,10,7,12.6,28,0.23,85.5
100,340,175,1.39,31.5,5.48,0,0,0,5.8,28,0.51,40.6
150,340,240,1.23,16,4.06,0,0,15,1.63,180,0.6,51
150,405,180,1.23,16,3.87,0,0,10,5.49,500,0.4,87.4
250,81.06,108,2.57,40,13.32,50,0,0,1.95,28,0.67,17.05
150,210,251,1.52,19,3.2,56,0,0,0,365,0.52,50.7
150,320,160,1.44,16,4.59,20,0,0,4,7,0.4,51.5
100,352,190,1.5,25,3.49,0,30,0,2,28,0.38,62.85
150,350,105,1.23,16,5.78,0,0,0,28.5,28,0.3,64.4
100,200,186,1.43,31.5,7.62,10,10,0,4.1,28,0.74,21.6
100,404.7,161.88,1.28,25,4.21,0,0,5,4.26,90,0.38,78.2
150,250,219,1.52,19,7.37,0,0,0,0,28,0.88,22.7
150,175,238,1.52,19,4.11,56,0,0,0,365,0.6,40.9
150,405,180,1.23,16,3.87,0,0,10,5.49,28,0.4,85
100,236,172,1.35,12.5,3.75,50,0,0,0.75,56,0.36,65.23
150,118.5,197.5,1.5,20,4.57,70,0,0,0,28,0.5,38.8158
300,128.11,108,2.7,80,11.69,30,0,0,2.2,28,0.59,20.19
100,568,180,1.86,25,2.91,0,0,0,0,28,0.32,42.98
150,350,105,1.44,16,5.8,0,0,0,12.25,90,0.3,83.9
100,480,126,1.83,25,2.83,0,10,10,12,7,0.21,80.4019
150,360,135,1.44,16,4.13,20,0,0,14.4,360,0.3,95.9
150,270,180,1.44,16,3.84,40,0,0,2.25,360,0.4,84.6
100,212,177,1.58,31.5,5.65,15,20,0,5.2,180,0.54,45.3
100,129,161,2,20,6,60,0,0,0,90,0.5,61.6632
250,91.51,108,2.7,80,11.69,50,0,0,2.2,28,0.59,20.66
100,318.79,159.4,1.44,31.5,4.26,0,24,0,9.57,90,0.38,57.12
150,210,224,1.52,19,5.93,30,0,0,0,119,0.75,35.8
100,180,175,1.49,31.5,4.98,20,30,0,6,14,0.48,25.8
150,210,261,1.52,19,2.69,61,0,0,0,119,0.48,42.4
250,91.51,108,2.7,40,11.69,50,0,0,2.2,28,0.59,22.32
100,300,170,1.53,31.5,4.83,0,20,0,6.5,60,0.45,53.1
100,251,190,1.5,25,3.5,0,50,0,2,28,0.38,56
150,237,197.5,1.5,20,4.57,40,0,0,0,28,0.5,45
150,297.5,175,1.23,16,5.25,0,0,15,2.85,180,0.5,66.5
100,200,120,2,10,4.5,0,50,0,0,7,0.3,49.6
100,300,126,1.83,25,2.83,0,40,10,12,3,0.21,69.8876
150,245,263,1.52,19,2.56,56,0,0,0,63,0.47,48.1
100,120,112,2,10,4.5,0,70,0,5.6,28,0.28,43.1
100,225,198,2.11,31.5,3.83,0,50,0,0,14,0.44,20.441
150,280,278,1.52,19,2.06,56,0,0,0,365,0.43,67.2
150,90,135,1.44,16,4.07,80,0,0,8.1,360,0.3,78.4
150,210,261,1.52,19,2.69,61,0,0,0,63,0.48,37.8
150,400,160,1.23,16,4.59,0,0,0,4.88,28,0.4,65.3
150,245,225,1.52,19,5.99,18,0,0,0,63,0.76,30.3
150,450,225,1.23,16,3.6,0,0,0,2.2,180,0.5,64.1
150,180,180,1.44,16,3.82,60,0,0,2.25,90,0.4,73.4
150,360,135,1.44,16,4.13,20,0,0,14.4,3,0.3,58
100,456.87,164.85,1.38,25,3.81,0,0,3,4.239,180,0.35,85.2
100,270,175,1.43,25,4.74,8,21,0,4.56,90,0.46,46.9
100,150,178,1.52,31.5,6.19,20,30,0,5,14,0.59,19.2
150,470,94,1.5,20,3.17,0,0,15,9.4,28,0.17,65.18
100,64,161,2,20,6,80,0,0,0,14,0.5,25.5852
100,120,112,2,10,4.5,0,70,0,5.6,365,0.28,75.1
150,360,240,1.23,16,4.06,0,0,10,1.63,3,0.6,20.6
150,380,190,1.5,20,4.82,0,0,0,1.9,28,0.5,34.7
100,178,279,1.33,16,10.19,0,0,0,0,28,1.57,27.33
100,329.23,131.88,1.88,31.5,2.9,0,43,0,11.52,7,0.23,39.14
100,120,116,2,10,4.5,0,70,0,0,7,0.29,20.09
100,131.4,153.3,1.44,25,3.98,50,20,0,2.628,90,0.35,64.7
100,472,172,1.35,12.5,3.75,0,0,0,0.7,28,0.36,69.73
150,382.5,135,1.23,16,4.13,0,0,15,18.3,28,0.3,91
150,450,225,1.44,16,3.62,0,0,0,0,28,0.5,48.7
150,280,140,1.23,16,5.52,0,0,20,8.54,7,0.4,62.2
100,360,162,1.83,25,2.83,0,30,10,12,56,0.27,102.383
150,382.5,270,1.23,16,3.34,0,0,15,1.1,500,0.6,43.2
100,120,160,2,10,4.5,0,70,0,0,90,0.4,41.8
100,260,175,1.52,31.5,5.76,0,20,0,5.2,60,0.54,36.7
150,405,135,1.23,16,4.13,0,0,10,18.3,28,0.3,90.4
200,211.76,108,3,80,9.97,0,0,0,2.53,28,0.51,27.97
150,350,105,1.86,25,3.57,30,0,0,6,3,0.21,41.7
100,300,126,1.83,25,2.83,0,40,10,12,56,0.21,103.82
200,128.11,108,2.7,80,11.69,30,0,0,2.2,28,0.59,23.38
150,461,175,2.45,16,3.83,0,0,0,0,28,0.38,25.03
100,310,140,1.66,20,4.66,15,7.5,0,4.7,28,0.35,68.5
150,245,239,1.52,19,3.88,42,0,0,0,14,0.57,32.4
150,175,230,1.52,19,4.9,50,0,0,0,119,0.66,36.5
150,360,225,1.23,16,3.6,0,0,20,2.2,180,0.5,59
100,308.93,185.41,1.22,31.5,6.04,0,0,0,7.72,28,0.6,37.81
100,120,116,2,10,4.5,0,70,0,0,3,0.29,19.8
150,245,218,1.52,19,7.55,0,0,0,0,14,0.89,17.9
150,450,135,1.23,16,4.13,0,0,0,18.3,180,0.3,91.3
150,245,225,1.52,19,5.99,18,0,0,0,28,0.76,29
150,80,200,1.44,16,4.26,80,0,0,0,7,0.5,18.7
150,128.11,108,2.7,40,11.69,30,0,0,2.2,28,0.59,25.35
150,270,180,1.44,16,3.84,40,0,0,2.25,3,0.4,35.9
150,197.5,197.5,1.5,20,4.57,20,30,0,0,7,0.5,20.0663
100,392,196,1.05,12.5,4.53,0,0,0,0,7,0.5,30.67
150,521,261,2.84,16,2.86,0,0,0,0,28,0.5,36.8
200,206.1,108,3,40,10.27,0,0,0,2.47,28,0.52,29.26
100,420,162,1.83,25,2.83,20,0,10,12,7,0.27,82.8723
100,205,193,1.48,31.5,7.35,0,20,0,4,14,0.76,17.4
100,200,172,2,10,4.5,0,50,0,5.6,3,0.43,19.11
250,360,195,1.35,20,4.05,0,16,0,0,215,0.45,36.09
150,80,120,1.44,16,4.79,80,0,0,4.8,360,0.3,82.9
100,250,170,1.7,31.5,5.73,18,3,0,6.8,180,0.54,58.6
150,245,279,1.52,19,2.1,61,0,0,0,14,0.44,29.2
100,170,175,1.56,31.5,6.62,0,40,0,4.5,28,0.62,23.3
100,135,198,2.11,31.5,3.83,0,70,0,0,7,0.44,7.967
150,180,135,1.44,16,4.09,60,0,0,9,90,0.3,92.5
150,360,180,1.44,16,3.87,20,0,0,3.6,28,0.4,73.5
100,480,144,1.83,25,2.83,0,10,10,12,56,0.24,105.366
200,105.34,108,3,80,10.02,50,0,0,2.53,28,0.51,27.26
150,175,218,1.52,19,7.36,30,0,0,0,63,0.87,26.8
150,180,225,1.44,16,3.56,60,0,0,0,3,0.5,13
250,97.27,108,2.57,40,13.32,40,0,0,1.95,28,0.67,17.21
150,175,223,1.52,19,5.99,40,0,0,0,119,0.75,34.8
100,329.23,131.88,1.63,31.5,3.49,0,35,0,9.88,90,0.26,66.56
150,320,120,1.44,16,4.85,20,0,0,14,7,0.3,69
150,210,224,1.52,19,5.93,30,0,0,0,7,0.75,21.2
100,235,178,1.46,31.5,6.39,10,10,0,4.9,60,0.6,35.8
150,340,200,1.23,16,4.33,0,0,15,3.25,7,0.5,44.1
100,235,175,1.61,31.5,5.44,0,30,0,5.6,60,0.52,32.9
100,308.93,185.41,1.44,31.5,4.26,0,24,0,9.27,28,0.45,37.87
150,350,210,1.23,16,4.99,0,0,0,1.42,3,0.6,20.7
150,280,247,1.52,19,3.24,42,0,0,0,365,0.51,64.5
300,109.81,108,2.7,80,11.69,40,0,0,2.2,28,0.59,19.86
200,275,160,1.5,20,7.15,0,0,0,0,28,0.58,23.18
150,360,160,1.23,16,4.59,0,0,10,4.88,28,0.4,88
150,280,175,1.44,16,5.26,20,0,0,0,28,0.5,57
100,133.5,155.75,1.44,25,3.93,70,0,0,2.225,180,0.35,68.6
150,175,218,1.52,19,7.36,30,0,0,0,365,0.87,30.5
150,276.5,197.5,1.5,20,4.57,30,0,0,0,7,0.5,22.7632
100,121.5,153.9,1.33,25,4.42,50,20,0,2.43,28,0.38,51.3
150,461.95,194,1.7,20,3.89,0,0,0,0,28,0.42,34.73
100,270,178,2.04,31.5,3.79,0,40,0,7.6,14,0.4,37.5
150,406,162,1.63,20,2.86,0,20,10,6.72,7,0.28,64.7
150,70,105,1.44,16,5.71,80,0,0,5.6,90,0.3,70.6
150,450,135,1.44,16,4.14,0,0,0,18,28,0.3,80.3
150,245,239,1.52,19,3.88,42,0,0,0,119,0.57,51.7
150,382.5,180,1.23,16,3.87,0,0,15,5.49,500,0.4,91.5
150,197.5,197.5,1.5,20,4.57,40,10,0,0,14,0.5,28.4483
100,300,170,1.85,31.5,4.71,19,0,0,8.3,7,0.46,41
150,360,160,1.23,16,4.59,0,0,10,4.88,3,0.4,53.3
200,109.81,108,2.7,80,11.69,40,0,0,2.2,28,0.59,22.96
100,210,172,1.62,31.5,4.09,20,30,0,8,7,0.4,26
150,400,120,1.44,16,4.88,0,0,0,16,360,0.3,89.9
200,73.21,108,2.7,80,11.69,60,0,0,2.2,28,0.59,21.72
150,140,140,1.44,16,5.47,60,0,0,1.75,28,0.4,61.8
150,320,160,1.23,16,4.59,0,0,20,4.88,3,0.4,44.9
150,360,120,1.23,16,4.86,0,0,10,22.76,28,0.3,86.7
150,140,140,1.44,16,5.47,60,0,0,1.75,360,0.4,79.1
150,90,225,1.44,16,3.53,80,0,0,0,90,0.5,35
100,480,126,1.83,25,2.83,10,0,10,12,3,0.21,78.89
300,128.11,108,2.7,80,11.69,30,0,0,2.2,28,0.59,20.19
150,382.5,135,1.23,16,4.13,0,0,15,18.3,7,0.3,91
150,530,238,2.57,16,2.9,0,0,0,0,28,0.45,43.1
100,420,126,1.83,25,2.83,0,20,10,12,56,0.21,109.255
150,340,240,1.23,16,4.06,0,0,15,1.63,28,0.6,49.6
150,140,175,1.44,16,5.21,60,0,0,0,7,0.5,28.7
100,410,180,1.47,31.5,4.39,0,0,0,7.5,28,0.44,54.3
100,190,185,1.52,31.5,6.93,0,30,0,4.4,180,0.69,32.1
150,320,160,1.44,16,4.59,20,0,0,4,28,0.4,66
100,480,144,1.83,25,2.83,0,10,10,12,28,0.24,95.721
150,315,210,1.23,16,4.99,0,0,10,1.42,28,0.6,48.5
150,175,248,1.52,19,3.49,61,0,0,0,14,0.55,18.5
150,350,175,1.44,16,5.27,0,0,0,0.7,28,0.5,53.6
100,275,190,1.93,31.5,2.92,20,30,0,10.9,60,0.35,55.3
100,480,144,1.83,25,2.83,10,0,10,12,28,0.24,93.0733
100,420,126,1.83,25,2.83,20,0,10,12,3,0.21,82.6596
100,300,162,1.83,25,2.83,40,0,10,12,3,0.27,76.9663
150,90,135,1.44,16,4.07,80,0,0,8.1,7,0.3,50.2
150,210,240,1.52,19,3.87,50,0,0,0,28,0.57,34.9
150,300,225,1.52,19,5.94,0,0,0,0,63,0.75,29.8
100,329.23,131.88,1.44,31.5,4.26,0,24,0,9.88,7,0.3,47.46
100,170,180,1.44,31.5,7.19,15,20,0,4.3,90,0.68,27.4
150,270,225,1.44,16,3.58,40,0,0,0,3,0.5,16.7
300,73.21,108,2.7,80,11.69,60,0,0,2.2,28,0.59,18.89
100,462,190,1.5,25,3.5,0,0,8,2,7,0.38,60.15
150,160,200,1.44,16,4.28,60,0,0,0,90,0.5,49.6
150,360,270,1.23,16,3.34,0,0,20,1.1,28,0.6,42.1
150,280,140,1.44,16,5.51,20,0,0,4.2,28,0.4,65.8
200,105.34,108,3,40,10.02,50,0,0,2.53,28,0.51,28.88
150,360,180,1.23,16,3.87,0,0,20,5.49,7,0.4,78.4
150,70,140,1.44,16,5.46,80,0,0,2.8,7,0.4,37.3
100,308.93,185.41,1.63,31.5,3.49,0,35,0,9.27,7,0.39,33.01
100,420,144,1.83,25,2.83,20,0,10,12,7,0.24,83.5106
150,340,160,1.23,16,4.59,0,0,15,4.88,3,0.4,49
150,486,214,2.57,16,2.69,0,15,0,2.11,28,0.37,50.7
150,270,180,1.44,16,3.84,40,0,0,2.25,28,0.4,66.4
150,210,240,1.52,19,3.87,50,0,0,0,7,0.57,24.4
100,327,190,1.5,25,3.5,15,15,5,2,7,0.38,57
150,210,175,1.44,16,5.23,40,0,0,0,360,0.5,71.7
150,350,232,1.52,19,4.92,0,0,0,0,119,0.66,36.5
250,126.41,108,3,40,10.02,40,0,0,2.53,28,0.51,27.13
150,300,225,1.52,19,5.94,0,0,0,0,28,0.75,28.9
150,210,214,1.52,19,9,0,0,0,0,7,1.02,12.4
100,300,144,1.83,25,2.83,0,40,10,12,56,0.24,98.6517
150,280,236,1.52,19,4.15,30,0,0,0,119,0.59,49.1
150,320,200,1.23,16,4.33,0,0,20,3.25,3,0.5,28.1
100,275,190,1.93,31.5,2.92,20,30,0,10.9,14,0.35,44.8
100,151.2,185,1.58,31.5,5.14,37,21,0,4.65,28,0.52,37.49
150,350,140,1.23,16,5.52,0,0,0,8.54,3,0.4,41
100,275,190,1.93,31.5,2.92,20,30,0,10.9,28,0.35,49.5
100,340,175,1.39,31.5,5.48,0,0,0,5.8,90,0.51,43.4
200,147.48,108,3,40,10.02,30,0,0,2.53,28,0.51,29.25
150,245,230,1.52,19,4.91,30,0,0,0,365,0.66,46.9
100,215,173,1.72,31.5,5.05,0,40,0,5.7,60,0.48,34.6
150,210,240,1.52,19,3.87,50,0,0,0,180,0.57,50.5
150,360,120,1.23,16,4.86,0,0,10,22.76,180,0.3,92.1
100,270,178,2.04,31.5,3.79,0,40,0,7.6,180,0.4,59.3
150,210,261,1.52,19,2.69,61,0,0,0,7,0.48,22.2
100,194,162,2,20,6.01,40,0,0,0,28,0.5,45.8522
100,325,170,1.64,31.5,4.45,10,10,0,8.1,90,0.42,56.7
150,280,105,1.44,16,5.79,20,0,0,11.55,90,0.3,86.8
150,360,180,1.44,16,3.87,20,0,0,3.6,360,0.4,86.6
150,315,175,1.23,16,5.25,0,0,10,2.85,28,0.5,61.8
250,73.21,108,2.7,80,11.69,60,0,0,2.2,28,0.59,20.19
150,486,214,2.57,16,2.69,0,15,0,5.94,28,0.37,53.1
100,427,190,1.5,25,3.5,0,0,15,2,28,0.38,73
100,129,161,2,20,6,60,0,0,0,1,0.5,2.87474
100,200,120,2,10,4.5,0,50,0,0,3,0.3,36.9
100,250,170,1.7,31.5,5.73,18,3,0,6.8,90,0.54,54.2
150,382.5,225,1.23,16,3.6,0,0,15,2.2,500,0.5,59.5
100,200,132,2,10,4.5,0,50,0,5.6,1,0.33,5.62
150,400,200,1.44,16,4.34,0,0,0,0.4,90,0.5,56.8
150,280,263,1.52,19,2.56,50,0,0,0,14,0.47,38.1
200,380,190,1.5,20,4.82,0,0,0,1.9,28,0.5,33.2
150,405,225,1.23,16,3.6,0,0,10,2.2,180,0.5,60.3
150,245,263,1.52,19,2.56,56,0,0,0,14,0.47,32.4
100,360,172,1.69,31.5,4.86,0,0,0,8,7,0.48,47.4
150,320,240,1.23,16,4.06,0,0,20,1.63,180,0.6,50.5
100,205,193,1.48,31.5,7.35,0,20,0,4,90,0.76,26.9
150,280,231,1.52,19,5.08,18,0,0,0,365,0.68,41.1
100,150,178,1.52,31.5,6.19,20,30,0,5,28,0.59,25.7
150,315,175,1.23,16,5.25,0,0,10,2.85,500,0.5,65.9
200,417,200,1.63,20,4.28,0,0,0,0,28,0.48,31.18
150,237,197.5,1.5,20,4.57,40,0,0,0,14,0.5,33.5526
100,406,180,1.86,25,4.47,0,0,0,0,28,0.44,27.2
150,270,135,1.44,16,4.11,40,0,0,11.7,90,0.3,91.4
150,360,270,1.23,16,3.34,0,0,20,1.1,7,0.6,42.1
150,400,240,1.23,16,4.06,0,0,0,1.63,28,0.6,41.6
150,70,140,1.44,16,5.46,80,0,0,2.8,90,0.4,58.9
150,147.48,108,3,40,10.02,30,0,0,2.53,28,0.51,30.73
100,300,126,1.83,25,2.83,0,40,10,12,28,0.21,97.5281
150,210,105,1.44,16,5.76,40,0,0,8.75,7,0.3,64.2
100,340,184,1.86,20,5.52,0,0,0,0,28,0.54,35.7
150,175,238,1.52,19,4.11,56,0,0,0,14,0.6,20.1
150,400,112,1.86,25,3.57,20,0,0,6,3,0.22,45.2
150,70,175,1.44,16,5.19,80,0,0,0,360,0.5,39.1
150,350,105,1.86,25,3.57,0,30,0,6,7,0.21,41.4
150,320,240,1.23,16,4.06,0,0,20,1.63,3,0.6,21.8
250,91.51,108,2.7,80,11.69,50,0,0,2.2,28,0.59,20.66
150,175,209,1.52,19,11.05,0,0,0,0,180,1.19,14.5
100,235,175,1.61,31.5,5.44,0,30,0,5.6,180,0.52,42.5
150,406,162,1.63,20,2.86,0,20,10,6.72,3,0.28,53
150,350,140,1.44,16,5.54,0,0,0,5.25,7,0.4,54.8
100,308.93,185.41,1.44,31.5,4.26,0,24,0,9.27,90,0.45,50.1
150,382.5,225,1.23,16,3.6,0,0,15,2.2,180,0.5,59.5
150,280,278,1.52,19,2.06,56,0,0,0,119,0.43,59.9
100,131.4,153.3,1.44,25,3.98,50,20,0,2.628,28,0.35,55.7
100,236,172,1.35,12.5,3.75,50,0,0,0.75,3,0.36,23.3
150,360,195,1.35,20,4.05,0,16,0,0,114,0.45,50
100,400,136,2,10,4.5,0,0,0,5.6,28,0.34,62.66
100,360,126,1.83,25,2.83,0,30,10,12,7,0.21,74.6773
150,70,105,1.44,16,5.71,80,0,0,5.6,28,0.3,62.7
100,502,190,1.5,25,3.5,0,0,0,2,7,0.38,54.05
100,447.45,164.85,1.38,25,3.81,0,0,5,5.181,90,0.35,78.7
100,285,175,1.55,31.5,4.55,9,21,0,6.6,7,0.43,32.8
150,160,160,1.44,16,4.55,60,0,0,2.4,3,0.4,26
100,360,126,1.83,25,2.83,30,0,10,12,56,0.21,103.441
100,300,188,1.43,31.5,6.23,0,0,0,5.1,28,0.63,33.6
100,270,178,2.04,31.5,3.79,0,40,0,7.6,28,0.4,43.3
150,300,225,1.52,19,5.94,0,0,0,0,365,0.75,33.1
200,128.11,108,2.7,40,11.69,30,0,0,2.2,28,0.59,24.38
150,320,120,1.23,16,4.86,0,0,20,22.76,28,0.3,94
200,183.05,108,2.7,80,11.69,0,0,0,2.2,28,0.59,23.01
100,235,178,1.46,31.5,6.39,10,10,0,4.9,7,0.6,19.5
200,161.2,108,2.57,80,13.4,0,0,0,1.95,28,0.67,17.36
100,251,190,1.5,25,3.5,0,50,0,2,7,0.38,45.9
100,300,188,1.43,31.5,6.23,0,0,0,5.1,14,0.63,27.8
150,382.5,135,1.23,16,4.13,0,0,15,18.3,3,0.3,57
150,70,105,1.44,16,5.71,80,0,0,5.6,360,0.3,74.7
100,420,162,1.83,25,2.83,0,20,10,12,28,0.27,94.8936
100,330,188,2.2,31.5,2.91,0,40,0,11,14,0.34,43.9
150,151.31,108,2.57,40,14.35,0,0,0,1.82,28,0.71,18.85
100,456.87,164.85,1.38,25,3.81,0,0,3,4.239,90,0.35,81
150,245,239,1.52,19,3.88,42,0,0,0,7,0.57,29.6
150,360,180,1.23,16,3.87,0,0,20,5.49,3,0.4,44.4
100,150,178,1.52,31.5,6.19,20,30,0,5,60,0.59,29.9
150,360,240,1.23,16,4.06,0,0,10,1.63,180,0.6,48.1
150,80,200,1.44,16,4.26,80,0,0,0,3,0.5,8.4
200,113.49,108,2.57,40,13.32,30,0,0,1.95,28,0.67,18.34
100,270,175,1.43,25,4.74,0,29,0,4.56,120,0.46,43
150,320,120,1.23,16,4.86,0,0,20,22.76,7,0.3,69.8
150,320,120,1.44,16,4.85,20,0,0,14,90,0.3,90.1
100,285,173,1.72,31.5,4.35,0,30,0,7.2,90,0.43,55.2
100,352,190,1.5,25,3.49,30,0,0,2,28,0.38,62.35
150,592,237,2.84,16,2.52,0,0,0,0,28,0.4,44.7
100,461,175,2.45,16,3.83,0,0,0,0,28,0.38,27.33
150,175,209,1.52,19,11.05,0,0,0,0,63,1.19,13.3
150,280,210,1.23,16,4.99,0,0,20,1.42,7,0.6,31.2
150,175,215,1.52,19,8.86,18,0,0,0,180,1.01,21.4
150,461,203,2.22,16,2.94,0,15,0,5.64,28,0.37,55.2
100,360,126,1.83,25,2.83,30,0,10,12,28,0.21,96.7249
150,280,140,1.23,16,5.52,0,0,20,8.54,28,0.4,87.9
100,270,175,1.43,25,4.74,8,21,0,4.56,180,0.46,53.6
100,380,190,1.5,20,4.82,0,0,0,1.9,28,0.5,36.5
300,81.06,108,2.57,40,13.32,50,0,0,1.95,28,0.67,16.31
250,128.11,108,2.7,80,11.69,30,0,0,2.2,28,0.59,21.55
100,354,172,1.43,12.5,3.66,0,25,0,0.75,56,0.36,66.46
100,340,175,1.39,31.5,5.48,0,0,0,5.8,7,0.51,29.1
150,280,263,1.52,19,2.56,50,0,0,0,365,0.47,66.7
150,450,180,1.23,16,3.87,0,0,0,5.49,3,0.4,41
150,160,160,1.44,16,4.55,60,0,0,2.4,28,0.4,61.1
100,325,162,2,20,5.99,0,0,0,0,14,0.5,39.8152
100,120,172,2,10,4.5,0,70,0,5.6,7,0.43,12.05
150,405,135,1.23,16,4.13,0,0,10,18.3,3,0.3,55.8
100,236,172,1.35,12.5,3.75,50,0,0,0.75,28,0.36,58.6
100,189,185,1.58,31.5,4.88,30,20,0,3.65,56,0.49,42.56
300,97.27,108,2.57,80,13.32,40,0,0,1.95,28,0.67,15.31
150,276.5,197.5,1.5,20,4.57,30,0,0,0,3,0.5,13.1579
150,197.5,197.5,1.5,20,4.57,30,20,0,0,14,0.5,27.5995
100,487,206,2.13,20,3.61,0,0,0,0,28,0.42,48.66
100,120,112,2,10,4.5,0,70,0,5.6,7,0.28,24.86
150,175,218,1.52,19,7.36,30,0,0,0,7,0.87,16.4
150,210,175,1.44,16,5.23,40,0,0,0,90,0.5,65.9
150,178,279,1.33,16,10.19,0,0,0,0,28,1.57,25.03
100,420,162,1.83,25,2.83,0,20,10,12,56,0.27,105.957
150,400,239,1.52,19,4.15,0,0,0,0,14,0.6,32.6
100,360,126,1.83,25,2.83,0,30,10,12,3,0.21,72.8713
150,400,160,1.23,16,4.59,0,0,0,4.88,180,0.4,75.8
100,135,198,2.11,31.5,3.83,0,70,0,0,28,0.44,11.98
150,180,225,1.44,16,3.56,60,0,0,0,28,0.5,39.5
150,315,175,1.23,16,5.25,0,0,10,2.85,7,0.5,45.6
100,480,162,1.83,25,2.83,0,10,10,12,56,0.27,104.137
100,456.87,164.85,1.38,25,3.81,0,0,3,4.239,28,0.35,73.2
150,175,218,1.52,19,7.36,30,0,0,0,28,0.87,23.5
150,175,230,1.52,19,4.9,50,0,0,0,63,0.66,33.1
150,383,180,1.5,20,4.15,0,13,0,0,28,0.41,53.1838
100,410,180,1.47,31.5,4.39,0,0,0,7.5,60,0.44,58.4
150,197.5,197.5,1.5,20,4.57,20,30,0,0,28,0.5,39.8011
250,113.49,108,2.57,80,13.32,30,0,0,1.95,28,0.67,16.25
100,420,126,1.83,25,2.83,20,0,10,12,28,0.21,104.468
100,420,126,1.83,25,2.83,20,0,10,12,56,0.21,111.809
100,212,177,1.58,31.5,5.65,15,20,0,5.2,14,0.54,25.3
100,200,172,2,10,4.5,0,50,0,5.6,28,0.43,41.15
100,300,170,1.85,31.5,4.71,19,0,0,8.3,90,0.46,56.2
200,84.28,108,3,80,10.02,60,0,0,2.53,28,0.51,26.56
100,329.23,131.88,1.44,31.5,4.26,0,24,0,9.88,28,0.3,56.62
150,297.5,140,1.23,16,5.52,0,0,15,8.54,7,0.4,66.1
100,300,162,1.83,25,2.83,40,0,10,12,28,0.27,91.7978
250,211.76,108,3,80,9.97,0,0,0,2.53,28,0.51,25.61
150,280,247,1.52,19,3.24,42,0,0,0,7,0.51,33.8
300,109.81,108,2.7,80,11.69,40,0,0,2.2,28,0.59,19.86
150,210,261,1.52,19,2.69,61,0,0,0,365,0.48,47.9
100,270,178,2.04,31.5,3.79,0,40,0,7.6,90,0.4,50.6
150,360,200,1.23,16,4.33,0,0,10,3.25,3,0.5,34.3
100,400,136,2,10,4.5,0,0,0,5.6,365,0.34,80.21
150,405,135,1.23,16,4.13,0,0,10,18.3,500,0.3,96.8
150,245,218,1.52,19,7.55,0,0,0,0,28,0.89,22.6
100,212,177,1.58,31.5,5.65,15,20,0,5.2,28,0.54,33.2
100,120,160,2,10,4.5,0,70,0,0,7,0.4,13.5
100,271.35,153.9,1.33,25,4.42,0,30,3,3.645,180,0.38,79.5
150,464,162,1.63,20,2.86,0,20,0,0,28,0.28,80.9
100,174.89,108,2.7,40,12.28,0,0,0,2.1,28,0.62,26.34
150,315,105,1.23,16,5.78,0,0,10,28.5,3,0.3,46.2
150,400,188,1.63,20,4.52,0,0,0,0,14,0.47,51.2
100,200,120,2,10,4.5,0,50,0,0,28,0.3,70.3
150,245,225,1.52,19,5.99,18,0,0,0,365,0.76,36.2
100,329.23,131.88,1.88,31.5,2.9,0,43,0,11.52,90,0.23,53.95
100,285,175,1.55,31.5,4.55,9,21,0,6.6,60,0.43,51.6
150,297.5,175,1.23,16,5.25,0,0,15,2.85,28,0.5,63.6
150,360,225,1.23,16,3.6,0,0,20,2.2,3,0.5,29.7
150,400,160,1.44,16,4.61,0,0,0,6,90,0.4,67.9
150,450,225,1.44,16,3.62,0,0,0,0,7,0.5,36.6
150,382.5,270,1.23,16,3.34,0,0,15,1.1,7,0.6,43.5
150,70,175,1.44,16,5.19,80,0,0,0,90,0.5,38.1
100,420,162,1.83,25,2.83,0,20,10,12,3,0.27,72.1277
150,210,224,1.52,19,5.93,30,0,0,0,180,0.75,37.1
150,350,105,1.44,16,5.8,0,0,0,12.25,7,0.3,69.4
100,245,198,1.44,31.5,7.71,0,0,0,4.2,14,0.81,19.8
150,210,231,1.52,19,4.73,40,0,0,0,28,0.64,34
100,124.5,157.7,1.28,25,4.28,70,0,0,2.075,28,0.38,52.5
100,194,162,2,20,6.01,40,0,0,0,7,0.5,25.0103
200,462,185,2.34,31.5,3.79,0,0,0,0,28,0.4,40.1
100,200,120,2,10,4.5,0,50,0,0,90,0.3,83.7
100,340,175,1.98,31.5,3.46,0,30,0,9,7,0.36,42.2
150,245,218,1.52,19,7.55,0,0,0,0,180,0.89,25.6
100,330,188,2.2,31.5,2.91,0,40,0,11,7,0.34,35
150,395,197.5,1.5,20,4.57,0,0,0,0,7,0.5,25.48
150,395,197.5,1.5,20,4.57,0,0,0,0,3,0.5,18.69
150,450,270,1.23,16,3.34,0,0,0,1.1,3,0.6,20.5
100,260,175,1.52,31.5,5.76,0,20,0,5.2,28,0.54,32.6
100,260,175,1.52,31.5,5.76,0,20,0,5.2,90,0.54,40.3
150,280,247,1.52,19,3.24,42,0,0,0,180,0.51,64.5
100,250,170,1.7,31.5,5.73,18,3,0,6.8,60,0.54,50.8
150,320,200,1.23,16,4.33,0,0,20,3.25,28,0.5,58
100,360,162,1.83,25,2.83,30,0,10,12,28,0.27,92.0688
100,323,172,1.35,12.5,4.12,0,25,0,0.75,56,0.4,59.35
150,400,200,1.44,16,4.34,0,0,0,0.4,360,0.5,64.1
150,197.5,197.5,1.5,20,4.57,30,20,0,0,7,0.5,17.0955
150,175,248,1.52,19,3.49,61,0,0,0,180,0.55,38.7
150,315,210,1.23,16,4.99,0,0,10,1.42,180,0.6,50.7
100,340,175,1.39,31.5,5.48,0,0,0,5.8,180,0.51,43.8
100,120,112,2,10,4.5,0,70,0,5.6,1,0.28,1.76
150,360,135,1.23,16,4.13,0,0,20,18.3,28,0.3,101
100,480,126,1.83,25,2.83,10,0,10,12,56,0.21,104.137
150,80,160,1.44,16,4.53,80,0,0,3.6,28,0.4,53.1
100,194,162,2,20,6.01,40,0,0,0,14,0.5,33.922
150,280,278,1.52,19,2.06,56,0,0,0,180,0.43,67.2
100,120,112,2,10,4.5,0,70,0,5.6,90,0.28,63.4
150,344.7,180,1.5,20,4.15,9,13,0,0,28,0.41,56.0973
150,350,175,1.23,16,5.25,0,0,0,2.85,7,0.5,44.1
100,360,162,1.83,25,2.83,0,30,10,12,3,0.27,70.2254
100,480,126,1.83,25,2.83,10,0,10,12,7,0.21,84.8463
150,245,279,1.52,19,2.1,61,0,0,0,119,0.44,49
150,400,188,1.63,20,4.52,0,0,0,0,7,0.47,45.6
250,73.21,108,2.7,80,11.69,60,0,0,2.2,28,0.59,20.19
150,160,120,1.44,16,4.81,60,0,0,6,3,0.3,32.3
100,288.4,156.56,1.53,25,4.32,0,30,0,3.708,90,0.38,72.6
100,480,162,1.83,25,2.83,0,10,10,12,7,0.27,77.6596
150,175,223,1.52,19,5.99,40,0,0,0,180,0.75,38.4
150,450,135,1.23,16,4.13,0,0,0,18.3,3,0.3,53.1
100,200,132,2,10,4.5,0,50,0,5.6,7,0.33,40.75
150,250,219,1.52,19,7.37,0,0,0,0,365,0.88,25.9
150,280,140,1.44,16,5.51,20,0,0,4.2,3,0.4,39
100,360,162,1.83,25,2.83,0,30,10,12,7,0.27,72.3492
100,340,175,1.98,31.5,3.46,0,30,0,9,60,0.36,57
100,235,175,1.61,31.5,5.44,0,30,0,5.6,7,0.52,18
150,382.5,225,1.23,16,3.6,0,0,15,2.2,28,0.5,53
150,400,112,1.86,25,3.57,20,0,0,6,7,0.22,54.4
100,480,126,1.83,25,2.83,0,10,10,12,3,0.21,75.6738
100,480,126,1.83,25,2.83,0,10,10,12,56,0.21,108.014
100,480,162,1.83,25,2.83,0,10,10,12,28,0.27,94.0189
150,210,219,1.52,19,7.2,18,0,0,0,119,0.86,26.7
150,400,240,1.23,16,4.06,0,0,0,1.63,7,0.6,41.6
150,406,162,1.63,20,2.86,0,20,10,6.72,28,0.28,84.2
150,280,105,1.44,16,5.79,20,0,0,11.55,3,0.3,49.1
100,300,188,1.43,31.5,6.23,0,0,0,5.1,90,0.63,39.3
150,210,214,1.52,19,9,0,0,0,0,180,1.02,19.8
250,174.89,108,2.7,80,12.28,0,0,0,2.1,28,0.62,21.21
150,400,120,1.44,16,4.88,0,0,0,16,3,0.3,62.5
150,360,160,1.23,16,4.59,0,0,10,4.88,7,0.4,62
150,315,175,1.23,16,5.25,0,0,10,2.85,180,0.5,65.6
150,237,197.5,1.5,20,4.57,40,0,0,0,3,0.5,9.47368
150,175,223,1.52,19,5.99,40,0,0,0,7,0.75,18.6
100,170,175,1.56,31.5,6.62,0,40,0,4.5,180,0.62,35.1
150,350,105,1.86,25,3.57,30,0,0,6,7,0.21,53.1
100,275,190,1.93,31.5,2.92,20,30,0,10.9,180,0.35,66.7
300,183.05,108,2.7,80,11.69,0,0,0,2.2,28,0.59,19.88
100,480,144,1.83,25,2.83,0,10,10,12,7,0.24,74.6336
150,320,188,1.5,20,5.9,0,0,0,1.92,7,0.59,32.2
100,205,193,1.48,31.5,7.35,0,20,0,4,7,0.76,12.7
150,160,120,1.44,16,4.81,60,0,0,6,90,0.3,79
100,392,196,1.05,12.5,4.53,0,0,0,0,56,0.5,49.36
100,180,175,1.49,31.5,4.98,20,30,0,6,180,0.48,49.8
150,315,175,1.23,16,5.25,0,0,10,2.85,3,0.5,34.3
100,340,175,1.39,31.5,5.48,0,0,0,5.8,14,0.51,36.1
100,250,170,1.7,31.5,5.73,18,3,0,6.8,28,0.54,48.6
150,318.182,175,1.7,20,6.26,0,0,0,0,28,0.55,24.94
150,90,135,1.44,16,4.07,80,0,0,8.1,28,0.3,66.3
150,405,270,1.23,16,3.34,0,0,10,1.1,180,0.6,45.9
150,275,160,1.5,20,7.15,0,0,0,0,28,0.58,22.38
100,120,116,2,10,4.5,0,70,0,0,28,0.29,34.1
150,175,230,1.52,19,4.9,50,0,0,0,365,0.66,40.8
100,445,155.75,1.38,25,4,0,0,0,4.45,90,0.35,83.8
150,509,224,2.84,16,2.49,0,15,0,10.02,28,0.37,50.4
150,350,105,1.44,16,5.8,0,0,0,12.25,28,0.3,75.8
100,438.03,164.85,1.33,25,3.8,0,0,7,5.181,90,0.35,81.9
150,315,140,1.23,16,5.52,0,0,10,8.54,180,0.4,90
100,120,160,2,10,4.5,0,70,0,0,3,0.4,11.05
150,180,135,1.44,16,4.09,60,0,0,9,28,0.3,80.6
150,472,236,2.22,16,3.38,0,0,0,0,28,0.5,36.4
100,340,175,1.98,31.5,3.46,0,30,0,9,14,0.36,49.2
150,320,200,1.23,16,4.33,0,0,20,3.25,7,0.5,58
100,270,178,2.04,31.5,3.79,0,40,0,7.6,7,0.4,29.3
150,237,197.5,1.5,20,4.57,40,0,0,0,7,0.5,21.0526
200,91.51,108,2.7,80,11.69,50,0,0,2.2,28,0.59,22.31
150,280,175,1.44,16,5.26,20,0,0,0,360,0.5,69.8
150,210,231,1.52,19,4.73,42,0,0,0,180,0.64,47.9
100,325,162,2,20,5.99,0,0,0,0,7,0.5,31.6222
150,360,120,1.23,16,4.86,0,0,10,22.76,500,0.3,93.3
150,245,218,1.52,19,7.55,0,0,0,0,365,0.89,25.6
150,210,251,1.52,19,3.2,56,0,0,0,180,0.52,50.7
150,280,140,1.23,16,5.52,0,0,20,8.54,500,0.4,95.8
150,280,175,1.44,16,5.26,20,0,0,0,90,0.5,65.4
150,350,105,1.44,16,5.8,0,0,0,12.25,360,0.3,90
100,128.11,108,2.7,40,11.69,30,0,0,2.2,28,0.59,26.36
200,415,224,1.5,20,4.24,0,0,0,0,28,0.54,30
150,360,240,1.23,16,4.06,0,0,10,1.63,500,0.6,48.1
150,450,135,1.44,16,4.14,0,0,0,18,7,0.3,75.7
250,174.89,108,2.7,40,12.28,0,0,0,2.1,28,0.62,22.65
150,280,175,1.23,16,5.25,0,0,20,2.85,180,0.5,63.5
150,360,225,1.23,16,3.6,0,0,20,2.2,7,0.5,55
100,325,162,2,20,5.99,0,0,0,0,90,0.5,51.8891
100,461.95,194,1.7,20,3.89,0,0,0,0,28,0.42,36.58
150,461,203,2.22,16,2.94,0,15,0,2.01,28,0.37,49.7
200,551,193,1.63,20,3.01,0,0,0,0,28,0.35,51.48
150,175,238,1.52,19,4.11,56,0,0,0,180,0.6,40.9
150,280,231,1.52,19,5.08,18,0,0,0,14,0.68,26.7
150,245,263,1.52,19,2.56,56,0,0,0,180,0.47,60.2
150,280,231,1.52,19,5.08,18,0,0,0,119,0.68,37.8
200,91.51,108,2.7,40,11.69,50,0,0,2.2,28,0.59,23.78
100,194,162,2,20,6.01,40,0,0,0,90,0.5,59.7947
150,405,270,1.23,16,3.34,0,0,10,1.1,7,0.6,41.6
100,200,172,2,10,4.5,0,50,0,5.6,90,0.43,59.25
150,350,140,1.44,16,5.54,0,0,0,5.25,360,0.4,72.8
100,150,178,1.52,31.5,6.19,20,30,0,5,180,0.59,37.7
200,147.48,108,3,80,10.02,30,0,0,2.53,28,0.51,28.18
300,64.85,108,2.57,80,13.32,60,0,0,1.95,28,0.67,14.79
150,175,248,1.52,19,3.49,61,0,0,0,119,0.55,33.7
300,64.85,108,2.57,80,13.32,60,0,0,1.95,28,0.67,14.79
150,90,135,1.44,16,4.07,80,0,0,8.1,3,0.3,26.3
150,70,175,1.44,16,5.19,80,0,0,0,28,0.5,29.9
100,472,172,1.35,12.5,3.75,0,0,0,0.7,56,0.36,71.27
150,140,105,1.44,16,5.74,60,0,0,7,3,0.3,31.9
150,350,105,1.23,16,5.78,0,0,0,28.5,180,0.3,69
100,308.93,185.41,1.44,31.5,4.26,0,24,0,9.27,7,0.45,33.64
100,170,180,1.44,31.5,7.19,15,20,0,4.3,180,0.68,33.1
150,197.5,197.5,1.5,20,4.57,50,0,0,0,14,0.5,32.5
100,112.05,157.7,1.28,25,4.3,70,0,3,2.49,180,0.38,65.7
100,340,175,1.98,31.5,3.46,0,30,0,9,180,0.36,66.9
150,300,93,1.86,25,3.57,0,40,0,6,28,0.19,47
150,464,162,1.63,20,2.86,0,20,0,0,14,0.28,74.8
300,97.27,108,2.57,40,13.32,40,0,0,1.95,28,0.67,16.42
150,470,100,1.5,20,3.14,0,0,16,12.6,28,0.18,65.91
100,330,165,1.22,25,5.6,0,0,0,2.64,180,0.5,74.7
100,190,185,1.52,31.5,6.93,0,30,0,4.4,90,0.69,27.5
150,210,224,1.52,19,5.93,30,0,0,0,28,0.75,30
150,354.53,195,1.86,25,5.09,0,0,0,0,28,0.55,28.15
100,420,162,1.83,25,2.83,20,0,10,12,3,0.27,80.6383
150,450,180,1.44,16,3.89,0,0,0,4.5,360,0.4,79.4
100,271.35,153.9,1.33,25,4.42,0,30,3,3.645,28,0.38,62.9
250,128.11,108,2.7,80,11.69,30,0,0,2.2,28,0.59,21.55
100,356,160.2,1.27,25,5.16,0,0,0,3.204,180,0.45,79.6
150,360,240,1.23,16,4.06,0,0,10,1.63,7,0.6,44.9
100,338,153,1.86,25,3.77,0,30,0,6,28,0.32,38.45
100,45,198,2.11,31.5,3.83,0,90,0,0,7,0.44,2.875
150,240,200,1.44,16,4.3,40,0,0,0,360,0.5,65.2
150,160,120,1.44,16,4.81,60,0,0,6,7,0.3,58.3
150,245,263,1.52,19,2.56,56,0,0,0,28,0.47,41.5
150,280,236,1.52,19,4.15,30,0,0,0,14,0.59,33.1
100,120,172,2,10,4.5,0,70,0,5.6,3,0.43,7.07
150,300,225,1.52,19,5.94,0,0,0,0,7,0.75,19.9
150,210,251,1.52,19,3.2,56,0,0,0,119,0.52,45.3
100,420,144,1.83,25,2.83,0,20,10,12,28,0.24,96.8085
100,426,176,2.46,20,4.25,0,0,0,0,28,0.41,30.11
200,73.21,108,2.7,40,11.69,60,0,0,2.2,28,0.59,23.32
150,300,84,1.86,25,3.57,40,0,0,6,3,0.17,36
150,400,239,1.52,19,4.15,0,0,0,0,28,0.6,40.4
150,315,210,1.23,16,4.99,0,0,10,1.42,500,0.6,51
100,112.05,157.7,1.28,25,4.3,70,0,3,2.49,90,0.38,57.9
100,417,200,1.63,20,4.28,0,0,0,0,28,0.48,34.9
100,210,172,1.62,31.5,4.09,20,30,0,8,90,0.4,52
100,64,161,2,20,6,80,0,0,0,90,0.5,33.4908
250,183.05,108,2.7,80,11.69,0,0,0,2.2,28,0.59,21.21
150,245,250,1.52,19,3.13,50,0,0,0,365,0.51,59.7
100,450,198,2.11,31.5,3.83,0,0,0,0,14,0.44,42.899
100,270,175,1.43,25,4.74,8,21,0,4.56,180,0.46,58.2
100,420,126,1.83,25,2.83,20,0,10,12,7,0.21,84.3617
150,197.5,197.5,1.5,20,4.57,20,30,0,0,14,0.5,30.9947
150,450,270,1.23,16,3.34,0,0,0,1.1,7,0.6,38.3
100,300,126,1.83,25,2.83,40,0,10,12,7,0.21,81.573
150,400,240,1.23,16,4.06,0,0,0,1.63,3,0.6,24
150,320,160,1.44,16,4.59,20,0,0,4,3,0.4,41
100,129,161,2,20,6,60,0,0,0,28,0.5,44.846
100,235,178,1.46,31.5,6.39,10,10,0,4.9,90,0.6,37.9
100,200,156,2,10,4.5,0,50,0,0,1,0.39,15.73
150,450,270,1.23,16,3.34,0,0,0,1.1,500,0.6,49.1
100,300,144,1.83,25,2.83,40,0,10,12,7,0.24,80.7865
100,400,128,2,10,4.5,0,0,0,0,28,0.32,69.12
200,255,191,1.78,20,7.66,0,0,0,0,28,0.75,12.69
100,300,170,1.53,31.5,4.83,0,20,0,6.5,180,0.45,61.8
100,360,144,1.83,25,2.83,30,0,10,12,28,0.24,95.5609
100,200,172,2,10,4.5,0,50,0,5.6,365,0.43,72.1
100,200,156,2,10,4.5,0,50,0,0,180,0.39,72.65
150,175,215,1.52,19,8.86,18,0,0,0,14,1.01,13.4
100,285,175,1.55,31.5,4.55,9,21,0,6.6,28,0.43,48
100,300,126,1.83,25,2.83,40,0,10,12,56,0.21,105.393
150,245,230,1.52,19,4.91,30,0,0,0,7,0.66,25.6
100,120,112,2,10,4.5,0,70,0,5.6,180,0.28,70.45
150,245,279,1.52,19,2.1,61,0,0,0,28,0.44,37.5
150,118.5,197.5,1.5,20,4.57,70,0,0,0,3,0.5,6.05263
100,311.5,155.75,1.61,25,3.89,0,30,0,4.005,90,0.35,83.1
150,210,140,1.44,16,5.5,40,0,0,3.5,28,0.4,67.2
100,270,175,1.43,25,4.74,0,29,0,4.56,90,0.46,42.7
150,240,160,1.44,16,4.56,40,0,0,4,360,0.4,79
150,280,105,1.23,16,5.78,0,0,20,28.5,500,0.3,89.5
100,300,144,1.83,25,2.83,40,0,10,12,56,0.24,101.685
150,340,160,1.23,16,4.59,0,0,15,4.88,28,0.4,81.5
150,340,200,1.23,16,4.33,0,0,15,3.25,180,0.5,63.8
150,405,225,1.23,16,3.6,0,0,10,2.2,28,0.5,55.8
150,140,105,1.44,16,5.74,60,0,0,7,360,0.3,85.7
150,350,232,1.52,19,4.92,0,0,0,0,7,0.66,24.9
150,400,239,1.52,19,4.15,0,0,0,0,365,0.6,46.3
100,135,225,2.11,31.5,3.83,0,70,0,0,7,0.5,6.305
100,300,162,1.83,25,2.83,0,40,10,12,3,0.27,68.427
100,385,154,1.33,25,4.7,0,0,0,3.465,28,0.4,70.6
150,320,160,1.23,16,4.59,0,0,20,4.88,180,0.4,82.9
150,175,218,1.52,19,7.36,30,0,0,0,119,0.87,28.1
150,450,180,1.23,16,3.87,0,0,0,5.49,28,0.4,60.5
150,320,200,1.44,16,4.33,20,0,0,0,7,0.5,34.2
150,175,223,1.52,19,5.99,40,0,0,0,63,0.75,31.7
150,240,120,1.44,16,4.84,40,0,0,9.6,28,0.3,82
150,245,279,1.52,19,2.1,61,0,0,0,365,0.44,55.2
150,210,140,1.44,16,5.5,40,0,0,3.5,7,0.4,49.1
150,360,225,1.44,16,3.6,20,0,0,0,360,0.5,66.7
100,318.79,159.4,1.63,31.5,3.49,0,35,0,9.57,90,0.32,67.05
150,300,84,1.86,25,3.57,40,0,0,6,7,0.17,45.2
150,450,180,1.44,16,3.89,0,0,0,4.5,28,0.4,64.3
100,300,188,1.43,31.5,6.23,0,0,0,5.1,60,0.63,36.9
150,175,238,1.52,19,4.11,56,0,0,0,28,0.6,27.2
100,318.79,159.4,1.44,31.5,4.26,0,24,0,9.57,7,0.38,47.48
150,450,225,1.44,16,3.62,0,0,0,0,360,0.5,60.2
100,215,173,1.72,31.5,5.05,0,40,0,5.7,90,0.48,39.1
150,320,200,1.44,16,4.33,20,0,0,0,28,0.5,52.6
100,325,170,1.64,31.5,4.45,10,10,0,8.1,60,0.42,57.6
100,300,144,1.83,25,2.83,0,40,10,12,28,0.24,96.0674
150,175,209,1.52,19,11.05,0,0,0,0,365,1.19,14.5
150,210,224,1.52,19,5.93,30,0,0,0,63,0.75,33
100,135,171,2.11,31.5,3.83,0,70,0,0,7,0.38,10.463
200,151.31,108,2.57,80,14.35,0,0,0,1.82,28,0.71,17.36
150,509,224,2.84,16,2.49,0,15,0,6.22,28,0.37,53
100,360,126,1.83,25,2.83,0,30,10,12,28,0.21,97.9947
150,382.5,135,1.23,16,4.13,0,0,15,18.3,180,0.3,101.5
150,90,180,1.44,16,3.8,80,0,0,1.35,360,0.4,58.9
150,90,180,1.44,16,3.8,80,0,0,1.35,28,0.4,46.8
150,315,140,1.23,16,5.52,0,0,10,8.54,28,0.4,87.8
150,280,224,1.52,19,6.44,0,0,0,0,365,0.8,31.2
150,140,175,1.44,16,5.21,60,0,0,0,360,0.5,65.9
100,120,116,2,10,4.5,0,70,0,0,90,0.29,48.75
100,329.23,131.88,1.63,31.5,3.49,0,35,0,9.88,7,0.26,44.47
150,360,200,1.23,16,4.33,0,0,10,3.25,7,0.5,43.9
150,280,231,1.52,19,5.08,18,0,0,0,7,0.68,24
150,270,135,1.44,16,4.11,40,0,0,11.7,3,0.3,49.8
100,472,172,1.35,12.5,3.75,0,0,0,0.7,7,0.36,45.25
100,190,185,1.52,31.5,6.93,0,30,0,4.4,28,0.69,21.8
100,300,144,1.83,25,2.83,0,40,10,12,3,0.24,68.764
150,245,230,1.52,19,4.91,30,0,0,0,180,0.66,46.9
300,73.21,108,2.7,80,11.69,60,0,0,2.2,28,0.59,18.89
150,340,200,1.23,16,4.33,0,0,15,3.25,28,0.5,60.6
150,350,175,1.23,16,5.25,0,0,0,2.85,3,0.5,32.7
100,360,172,1.69,31.5,4.86,0,0,0,8,28,0.48,58
150,180,180,1.44,16,3.82,60,0,0,2.25,7,0.4,38.6
100,151.2,185,1.58,31.5,5.14,37,21,0,4.65,56,0.52,40.08
100,360,126,1.83,25,2.83,30,0,10,12,7,0.21,83.4604
150,250,219,1.52,19,7.37,0,0,0,0,7,0.88,15.3
150,450,225,1.23,16,3.6,0,0,0,2.2,3,0.5,32.2
100,354,172,1.43,12.5,3.66,0,25,0,0.75,7,0.36,39.76
150,240,160,1.44,16,4.56,40,0,0,4,28,0.4,66.9
200,275,160,1.5,20,7.15,0,0,0,0,28,0.58,21.96
150,80,200,1.44,16,4.26,80,0,0,0,28,0.5,25.3
150,437,176,2.46,20,4.12,0,0,0,0,28,0.4,37.71
150,450,180,1.23,16,3.87,0,0,0,5.49,500,0.4,80
100,45,198,2.11,31.5,3.83,0,90,0,0,28,0.44,4.468
150,245,239,1.52,19,3.88,42,0,0,0,365,0.57,57.4
150,245,279,1.52,19,2.1,61,0,0,0,63,0.44,43.5
100,300,162,1.83,25,2.83,0,40,10,12,56,0.27,97.9775
100,124.5,157.7,1.28,25,4.28,70,0,0,2.075,180,0.38,63.1
100,170,175,1.56,31.5,6.62,0,40,0,4.5,7,0.62,13.5
100,200,172,2,10,4.5,0,50,0,5.6,7,0.43,24.41
150,487,206,2.13,20,3.61,0,0,0,0,28,0.42,45.61
150,400,239,1.52,19,4.15,0,0,0,0,119,0.6,42.4
100,330,188,2.2,31.5,2.91,0,40,0,11,28,0.34,47
100,190,185,1.52,31.5,6.93,0,30,0,4.4,14,0.69,17.2
150,320,160,1.44,16,4.59,20,0,0,4,90,0.4,72.4
100,120,112,2,10,4.5,0,70,0,5.6,3,0.28,17.83
100,318.79,159.4,1.88,31.5,2.9,0,43,0,11.16,90,0.29,68.54
150,354.53,212.72,1.86,25,4.95,0,0,0,0,28,0.6,27.58
200,109.81,108,2.7,80,11.69,40,0,0,2.2,28,0.59,22.96
100,270,175,1.43,25,4.74,0,29,0,4.56,180,0.46,51.2
100,325,170,1.64,31.5,4.45,10,10,0,8.1,7,0.42,39.3
200,97.27,108,2.57,80,13.32,40,0,0,1.95,28,0.67,17.15
150,280,231,1.52,19,5.08,18,0,0,0,63,0.68,35.2
150,400,112,1.86,25,3.57,20,0,0,6,28,0.22,61.3
150,210,140,1.44,16,5.5,40,0,0,3.5,360,0.4,78.2
100,410,180,1.47,31.5,4.39,0,0,0,7.5,14,0.44,50.5
100,120,172,2,10,4.5,0,70,0,5.6,90,0.43,30.15
100,255,191,1.78,20,7.66,0,0,0,0,28,0.75,13.5
100,133.5,155.75,1.44,25,3.93,70,0,0,2.225,28,0.35,56.9
150,400,240,1.23,16,4.06,0,0,0,1.63,500,0.6,48.8
150,210,140,1.44,16,5.5,40,0,0,3.5,3,0.4,31.9
150,280,263,1.52,19,2.56,50,0,0,0,63,0.47,55.3
100,551,193,1.63,20,3.01,0,0,0,0,28,0.35,59.45
300,113.49,108,2.57,80,13.32,30,0,0,1.95,28,0.67,15.5
100,356,160.2,1.27,25,5.16,0,0,0,3.204,28,0.45,62.7
150,175,230,1.52,19,4.9,50,0,0,0,28,0.66,27.8
100,215,173,1.72,31.5,5.05,0,40,0,5.7,180,0.48,47.6
150,70,175,1.44,16,5.19,80,0,0,0,7,0.5,21.8
150,280,278,1.52,19,2.06,56,0,0,0,7,0.43,33.3
150,450,135,1.44,16,4.14,0,0,0,18,360,0.3,92.8
150,360,188,1.63,20,4.52,0,0,10,2,14,0.47,57.7
100,430,172,1.28,12.5,4.21,0,0,0,0.7,56,0.4,65.99
150,180,225,1.44,16,3.56,60,0,0,0,360,0.5,57.4
100,260,175,1.52,31.5,5.76,0,20,0,5.2,14,0.54,25.7
150,350,105,1.86,25,3.57,0,30,0,6,28,0.21,50.8
150,400,120,1.23,16,4.86,0,0,0,22.76,28,0.3,65.4
150,360,135,1.23,16,4.13,0,0,20,18.3,7,0.3,101
150,502,226,2.22,16,3.18,0,0,0,0,28,0.45,42.6
150,210,231,1.52,19,4.73,42,0,0,0,14,0.64,26.1
150,360,120,1.23,16,4.86,0,0,10,22.76,7,0.3,68.8
150,400,165,1.57,20,4.24,0,7,0,4.71,3,0.39,40.8
150,400,120,1.23,16,4.86,0,0,0,22.76,3,0.3,47.1
150,280,224,1.52,19,6.44,0,0,0,0,28,0.8,27.5
150,509,224,2.84,16,2.49,0,15,0,2.21,28,0.37,51.3
150,297.5,105,1.23,16,5.78,0,0,15,28.5,3,0.3,44.2
150,210,219,1.52,19,7.2,18,0,0,0,63,0.86,25
150,280,140,1.44,16,5.51,20,0,0,4.2,90,0.4,73.7
100,330,188,2.2,31.5,2.91,0,40,0,11,60,0.34,53.5
150,350,140,1.23,16,5.52,0,0,0,8.54,28,0.4,59.7
150,280,105,1.23,16,5.78,0,0,20,28.5,180,0.3,89.3
150,280,295,1.52,19,1.67,61,0,0,0,63,0.41,49.6
150,280,295,1.52,19,1.67,61,0,0,0,119,0.41,55.2
150,280,140,1.44,16,5.51,20,0,0,4.2,360,0.4,76.7
150,340,120,1.23,16,4.86,0,0,15,22.76,28,0.3,90.5
150,297.5,175,1.23,16,5.25,0,0,15,2.85,3,0.5,34.7
100,420,162,1.83,25,2.83,0,20,10,12,7,0.27,77.5532
100,215,172,1.28,12.5,4.21,50,0,0,0.75,3,0.4,22.03
100,360,172,1.69,31.5,4.86,0,0,0,8,90,0.48,62
100,275,160,1.5,20,7.15,0,0,0,0,28,0.58,23.66
150,250,219,1.52,19,7.37,0,0,0,0,180,0.88,25.9
150,210,105,1.44,16,5.76,40,0,0,8.75,28,0.3,81
250,109.81,108,2.7,40,11.69,40,0,0,2.2,28,0.59,22.81
150,270,180,1.44,16,3.84,40,0,0,2.25,90,0.4,81
150,210,140,1.44,16,5.5,40,0,0,3.5,90,0.4,76.3
100,300,126,1.83,25,2.83,0,40,10,12,7,0.21,76.5169
150,400,200,1.23,16,4.33,0,0,0,3.25,7,0.5,41.1
150,280,295,1.52,19,1.67,61,0,0,0,7,0.41,30.2
100,385,165,1.62,20,3.24,0,30,0,7.7,28,0.3,84.5
200,97.27,108,2.57,80,13.32,40,0,0,1.95,28,0.67,17.15
100,210,172,1.62,31.5,4.09,20,30,0,8,180,0.4,60.3
150,113.49,108,2.57,40,13.32,30,0,0,1.95,28,0.67,18.89
150,498,249,2.57,16,3.09,0,0,0,0,28,0.5,35
150,210,261,1.52,19,2.69,60,0,0,0,28,0.48,31.8
250,206.1,108,3,40,10.27,0,0,0,2.47,28,0.52,27.14
150,426,176,2.46,20,4.25,0,0,0,0,28,0.41,28.01
150,400,165,1.57,20,4.24,0,7,0,4.71,56,0.39,61.5
100,285,173,1.72,31.5,4.35,0,30,0,7.2,60,0.43,51
100,330,188,2.2,31.5,2.91,0,40,0,11,180,0.34,66.7
150,350,140,1.44,16,5.54,0,0,0,5.25,28,0.4,63.9
150,382.5,180,1.23,16,3.87,0,0,15,5.49,3,0.4,44
150,360,180,1.23,16,3.87,0,0,20,5.49,28,0.4,78.4
150,350,175,1.44,16,5.27,0,0,0,0.7,3,0.5,38
150,210,231,1.52,19,4.73,42,0,0,0,119,0.64,43.4
150,280,278,1.52,19,2.06,56,0,0,0,63,0.43,54.9
150,90,180,1.44,16,3.8,80,0,0,1.35,3,0.4,22.6
100,245,198,1.44,31.5,7.71,0,0,0,4.2,7,0.81,14.5
100,398,180,1.86,25,2.91,0,30,0,0,28,0.32,39.6
150,325.55,180,1.5,20,4.15,13,13,0,0,28,0.41,57.573
100,308.93,185.41,1.88,31.5,2.9,0,43,0,10.81,7,0.34,39.89
100,120,116,2,10,4.5,0,70,0,0,1,0.29,7.09
100,329.23,131.88,1.88,31.5,2.9,0,43,0,11.52,28,0.23,48.78
150,395,197.5,1.5,20,4.57,0,0,0,0,14,0.5,31.84
150,280,295,1.52,19,1.67,61,0,0,0,28,0.41,42.7
100,270,175,1.43,25,4.74,8,21,0,4.56,120,0.46,50.4
100,205,193,1.48,31.5,7.35,0,20,0,4,60,0.76,25.4
150,245,250,1.52,19,3.13,50,0,0,0,28,0.51,42.3
100,404.7,161.88,1.28,25,4.21,0,0,5,4.26,28,0.38,76.2
150,280,231,1.52,19,5.08,18,0,0,0,28,0.68,33.7
150,360,225,1.23,16,3.6,0,0,20,2.2,28,0.5,55
150,320,200,1.44,16,4.33,20,0,0,0,360,0.5,65.8
150,340,240,1.23,16,4.06,0,0,15,1.63,3,0.6,23.2
150,210,251,1.52,19,3.2,56,0,0,0,63,0.52,40.7
150,551,193,1.63,20,3.01,0,0,0,0,28,0.35,54.13
150,360,195,1.35,20,4.05,0,16,0,0,115,0.45,39.52
100,340,175,1.98,31.5,3.46,0,30,0,9,90,0.36,60.1
150,210,240,1.52,19,3.87,50,0,0,0,365,0.57,50.5
100,420,144,1.83,25,2.83,20,0,10,12,28,0.24,96.8085
150,180,180,1.44,16,3.82,60,0,0,2.25,3,0.4,26.9
100,420,144,1.83,25,2.83,0,20,10,12,3,0.24,73.0851
100,329.23,131.88,1.44,31.5,4.26,0,24,0,9.88,90,0.3,64.38
150,160,120,1.44,16,4.81,60,0,0,6,28,0.3,77.8
150,297.5,210,1.23,16,4.99,0,0,15,1.42,28,0.6,48.8
150,90,225,1.44,16,3.53,80,0,0,0,28,0.5,27.7
100,323,172,1.35,12.5,4.12,0,25,0,0.75,28,0.4,54.73
150,450,135,1.44,16,4.14,0,0,0,18,3,0.3,63.8
100,200,120,2,10,4.5,0,50,0,0,1,0.3,28.25
150,350,175,1.23,16,5.25,0,0,0,2.85,28,0.5,51.7
150,350,232,1.52,19,4.92,0,0,0,0,180,0.66,40
150,320,240,1.23,16,4.06,0,0,20,1.63,28,0.6,45.7
150,280,247,1.52,19,3.24,42,0,0,0,28,0.51,47.5
100,447.45,164.85,1.38,25,3.81,0,0,5,5.181,180,0.35,84.1
100,300,162,1.83,25,2.83,40,0,10,12,7,0.27,79.8876
100,208,185,1.58,31.5,4.88,25,20,0,2.65,56,0.49,45.92
100,200,120,2,10,4.5,0,50,0,0,180,0.3,84.75
150,97.27,108,2.57,40,13.32,40,0,0,1.95,28,0.67,18.78
250,81.06,108,2.57,80,13.32,50,0,0,1.95,28,0.67,15.76
150,382.5,135,1.23,16,4.13,0,0,15,18.3,500,0.3,101.5
150,382.5,270,1.23,16,3.34,0,0,15,1.1,180,0.6,43.2
150,315,105,1.23,16,5.78,0,0,10,28.5,180,0.3,88.2
150,350,210,1.23,16,4.99,0,0,0,1.42,180,0.6,45
150,360,160,1.23,16,4.59,0,0,10,4.88,500,0.4,91.5
150,300,84,1.86,25,3.57,40,0,0,6,28,0.17,57.7
100,135,225,2.11,31.5,3.83,0,70,0,0,14,0.5,8.357
100,285,173,1.72,31.5,4.35,0,30,0,7.2,14,0.43,40.8
100,131.4,153.3,1.44,25,3.98,50,20,0,2.628,180,0.35,67.8
200,174.89,108,2.7,40,12.28,0,0,0,2.1,28,0.62,24.29
150,280,236,1.52,19,4.15,30,0,0,0,7,0.59,29.8
150,280,224,1.52,19,6.44,0,0,0,0,119,0.8,28.9
100,180,175,1.49,31.5,4.98,20,30,0,6,90,0.48,42.6
150,360,270,1.23,16,3.34,0,0,20,1.1,180,0.6,41.6
150,450,180,1.44,16,3.89,0,0,0,4.5,3,0.4,53
150,417,200,1.63,20,4.28,0,0,0,0,28,0.48,32.35
100,170,175,1.56,31.5,6.62,0,40,0,4.5,14,0.62,18.7
100,170,180,1.44,31.5,7.19,15,20,0,4.3,14,0.68,16.8
100,300,170,1.53,31.5,4.83,0,20,0,6.5,7,0.45,35.7
150,240,120,1.44,16,4.84,40,0,0,9.6,360,0.3,92.4
100,269.231,175,1.69,20,7.44,0,0,0,0,28,0.65,18.75
250,360,195,1.35,20,4.05,0,16,0,0,160,0.45,35.85
200,105.34,108,3,80,10.02,50,0,0,2.53,28,0.51,27.26
100,285,173,1.72,31.5,4.35,0,30,0,7.2,180,0.43,63.5
100,270,175,1.43,25,4.74,8,21,0,4.56,120,0.46,52.2
150,280,224,1.52,19,6.44,0,0,0,0,180,0.8,31.2
100,270,175,1.43,25,4.74,0,29,0,4.56,180,0.46,46
150,450,225,1.23,16,3.6,0,0,0,2.2,500,0.5,64.1
100,81.06,108,2.57,40,13.32,50,0,0,1.95,28,0.67,19.12
200,64.85,108,2.57,80,13.32,60,0,0,1.95,28,0.67,16.55
100,420,144,1.83,25,2.83,20,0,10,12,56,0.24,106.596
100,200,186,1.43,31.5,7.62,10,10,0,4.1,180,0.74,29.2
150,400,188,1.63,20,4.52,0,0,0,0,28,0.47,59.5
100,300,170,1.85,31.5,4.71,19,0,0,8.3,28,0.46,51.9
150,210,219,1.52,19,7.2,20,0,0,0,28,0.86,23.6
150,382.5,180,1.23,16,3.87,0,0,15,5.49,180,0.4,91.5
100,415,224,1.5,20,4.24,0,0,0,0,28,0.54,33.6
100,430,172,1.28,12.5,4.21,0,0,0,0.7,7,0.4,41.93
150,280,236,1.52,19,4.15,30,0,0,0,365,0.59,53.8
100,360,162,1.83,25,2.83,30,0,10,12,3,0.27,75.9401
150,280,105,1.44,16,5.79,20,0,0,11.55,28,0.3,81.4
100,432,160,1.53,20,4.23,0,0,0,0,28,0.37,47.23
100,354,172,1.43,12.5,3.66,0,25,0,0.75,28,0.36,60.17
150,360,195,1.35,20,4.05,0,16,0,0,111,0.45,57.24
150,172,132,1.94,40,8.48,0,35,0,1.72,7,0.5,16.45
150,70,140,1.44,16,5.46,80,0,0,2.8,360,0.4,62.6
150,245,279,1.52,19,2.1,61,0,0,0,7,0.44,26.6
150,180,180,1.44,16,3.82,60,0,0,2.25,28,0.4,61.8
100,245,198,1.44,31.5,7.71,0,0,0,4.2,90,0.81,27.8
100,215,172,1.28,12.5,4.21,50,0,0,0.75,7,0.4,37.07
150,432,160,1.5,20,4.19,0,0,0,0,28,0.37,42.95
250,81.06,108,2.57,80,13.32,50,0,0,1.95,28,0.67,15.76
100,480,126,1.83,25,2.83,0,10,10,12,28,0.21,95.721
150,210,219,1.52,19,7.2,18,0,0,0,365,0.86,28.9
100,120.42,156.1,1.33,25,4,70,0,3,3.122,180,0.35,72.5
100,300,188,1.43,31.5,6.23,0,0,0,5.1,180,0.63,41.8
150,400,160,1.44,16,4.61,0,0,0,6,360,0.4,70.6
100,447.45,164.85,1.38,25,3.81,0,0,5,5.181,28,0.35,77.8
150,180,180,1.44,16,3.82,60,0,0,2.25,360,0.4,80.6
100,325,170,1.64,31.5,4.45,10,10,0,8.1,180,0.42,64.2
150,400,200,1.23,16,4.33,0,0,0,3.25,180,0.5,58.3
200,84.28,108,3,40,10.02,60,0,0,2.53,28,0.51,28.74
150,245,250,1.52,19,3.13,50,0,0,0,119,0.51,53.5
100,300,170,1.85,31.5,4.71,19,0,0,8.3,60,0.46,55.9
100,64,161,2,20,6,80,0,0,0,28,0.5,29.0349
150,70,140,1.44,16,5.46,80,0,0,2.8,28,0.4,50.4
150,405,225,1.23,16,3.6,0,0,10,2.2,500,0.5,60.3
150,280,231,1.52,19,5.08,18,0,0,0,180,0.68,41.1
100,200,156,2,10,4.5,0,50,0,0,7,0.39,35.1
150,320,200,1.23,16,4.33,0,0,20,3.25,500,0.5,60.8
100,480,144,1.83,25,2.83,10,0,10,12,7,0.24,82.2931
100,121.5,153.9,1.33,25,4.42,50,20,0,2.43,90,0.38,60.8
100,126.41,108,3,40,10.02,40,0,0,2.53,28,0.51,32.12
150,350,140,1.44,16,5.54,0,0,0,5.25,3,0.4,45.9
150,175,248,1.52,19,3.49,61,0,0,0,365,0.55,38.7
150,350,232,1.52,19,4.92,0,0,0,0,14,0.66,27.8
150,450,270,1.23,16,3.34,0,0,0,1.1,180,0.6,49.1
150,405,225,1.23,16,3.6,0,0,10,2.2,7,0.5,55.8
150,240,200,1.44,16,4.3,40,0,0,0,3,0.5,17.4
150,210,240,1.52,19,3.87,50,0,0,0,63,0.57,40.9
150,245,218,1.52,19,7.55,0,0,0,0,119,0.89,23.5
150,280,175,1.23,16,5.25,0,0,20,2.85,28,0.5,62.7
150,210,214,1.52,19,9,0,0,0,0,28,1.02,17.5
100,285,175,1.55,31.5,4.55,9,21,0,6.6,180,0.43,58.7
100,344,172,1.18,12.5,5.47,0,0,0,0.7,7,0.5,24.5
150,297.5,105,1.23,16,5.78,0,0,15,28.5,500,0.3,87
100,212,177,1.58,31.5,5.65,15,20,0,5.2,7,0.54,19.3
150,350,175,1.44,16,5.27,0,0,0,0.7,7,0.5,44.5
150,297.5,140,1.23,16,5.52,0,0,15,8.54,3,0.4,47.3
150,350,105,1.44,16,5.8,0,0,0,12.25,3,0.3,61
100,400,128,2,10,4.5,0,0,0,0,1,0.32,33.51
150,320,188,1.5,20,5.9,0,0,0,1.92,28,0.59,43.2
150,400,160,1.44,16,4.61,0,0,0,6,3,0.4,49.2
100,215,173,1.72,31.5,5.05,0,40,0,5.7,28,0.48,30
100,260,175,1.52,31.5,5.76,0,20,0,5.2,180,0.54,45.4
100,135,225,2.11,31.5,3.83,0,70,0,0,28,0.5,12.417
150,240,160,1.44,16,4.56,40,0,0,4,3,0.4,33.4
150,140,175,1.44,16,5.21,60,0,0,0,90,0.5,58.3
100,124.5,157.7,1.28,25,4.28,70,0,0,2.075,90,0.38,57.5
100,480,162,1.83,25,2.83,10,0,10,12,28,0.27,91.2766
150,382.5,180,1.23,16,3.87,0,0,15,5.49,7,0.4,87.7
150,180,135,1.44,16,4.09,60,0,0,9,3,0.3,36.8
150,450,225,1.44,16,3.62,0,0,0,0,90,0.5,50.5
100,300,162,1.83,25,2.83,0,40,10,12,7,0.27,68.2022
100,270,175,1.43,25,4.74,0,29,0,4.56,360,0.46,55.6
150,245,230,1.52,19,4.91,30,0,0,0,28,0.66,36.1
150,400,239,1.52,19,4.15,0,0,0,0,7,0.6,29.1
150,297.5,105,1.23,16,5.78,0,0,15,28.5,7,0.3,60.4
150,375,195,1.78,20,4.88,0,0,0,0,28,0.52,43.45
150,270,225,1.44,16,3.58,40,0,0,0,360,0.5,65.1
150,280,295,1.52,19,1.67,61,0,0,0,180,0.41,62.4
100,404.7,161.88,1.28,25,4.21,0,0,5,4.26,180,0.38,84.6
100,275,160,1.5,20,7.15,0,0,0,0,28,0.58,25.17
150,320,160,1.23,16,4.59,0,0,20,4.88,7,0.4,61
150,360,200,1.23,16,4.33,0,0,10,3.25,500,0.5,62.8
150,270,225,1.44,16,3.58,40,0,0,0,28,0.5,49.3
150,280,263,1.52,19,2.56,50,0,0,0,28,0.47,48.4
150,310,140,1.66,20,4.66,15,7.5,0,4.7,28,0.35,61.8
100,170,180,1.44,31.5,7.19,15,20,0,4.3,28,0.68,22.9
150,400,165,1.57,20,4.24,0,7,0,4.71,7,0.39,53.6
150,280,105,1.44,16,5.79,20,0,0,11.55,7,0.3,68.3
150,450,135,1.23,16,4.13,0,0,0,18.3,500,0.3,91.3
150,350,232,1.52,19,4.92,0,0,0,0,365,0.66,40
100,235,178,1.46,31.5,6.39,10,10,0,4.9,180,0.6,46.4
250,97.27,108,2.57,80,13.32,40,0,0,1.95,28,0.67,16.08
300,161.2,108,2.57,80,13.4,0,0,0,1.95,28,0.67,15.4
150,280,278,1.52,19,2.06,56,0,0,0,28,0.43,47
200,113.49,108,2.57,80,13.32,30,0,0,1.95,28,0.67,17.4
100,170,175,1.56,31.5,6.62,0,40,0,4.5,60,0.62,26.6
150,350,105,1.23,16,5.78,0,0,0,28.5,500,0.3,77
300,97.27,108,2.57,80,13.32,40,0,0,1.95,28,0.67,15.31
100,285,173,1.72,31.5,4.35,0,30,0,7.2,7,0.43,32.7
150,210,214,1.52,19,9,0,0,0,0,14,1.02,13.7
150,340,240,1.23,16,4.06,0,0,15,1.63,500,0.6,51
150,350,175,1.44,16,5.27,0,0,0,0.7,360,0.5,66
100,400,136,2,10,4.5,0,0,0,5.6,3,0.34,40.72
150,280,236,1.52,19,4.15,30,0,0,0,63,0.59,45.9
150,245,239,1.52,19,3.88,42,0,0,0,63,0.57,47.7
100,300,170,1.85,31.5,4.71,19,0,0,8.3,14,0.46,48.6
100,91.51,108,2.7,40,11.69,50,0,0,2.2,28,0.59,25.65
100,438.03,164.85,1.33,25,3.8,0,0,7,5.181,28,0.35,80.5
100,200,172,2,10,4.5,0,50,0,5.6,180,0.43,64
100,300,188,1.43,31.5,6.23,0,0,0,5.1,7,0.63,21.1
150,240,120,1.44,16,4.84,40,0,0,9.6,7,0.3,64.5
150,288,188,1.5,20,5.9,0,0,10,1.92,14,0.59,47
150,250,219,1.52,19,7.37,0,0,0,0,14,0.88,17.6
150,210,231,1.52,19,4.73,42,0,0,0,365,0.64,47.9
150,382.5,225,1.23,16,3.6,0,0,15,2.2,3,0.5,30.3
100,480,162,1.83,25,2.83,10,0,10,12,56,0.27,98.5579
200,81.06,108,2.57,40,13.32,50,0,0,1.95,28,0.67,17.99
100,420,162,1.83,25,2.83,20,0,10,12,28,0.27,92.9787
150,400,239,1.52,19,4.15,0,0,0,0,180,0.6,46.3
150,280,105,1.23,16,5.78,0,0,20,28.5,3,0.3,41.2
100,480,162,1.83,25,2.83,10,0,10,12,3,0.27,76.9031
150,160,200,1.44,16,4.28,60,0,0,0,7,0.5,23.8
100,208,185,1.58,31.5,4.88,25,20,0,2.65,28,0.49,44.65
100,112.05,157.7,1.28,25,4.3,70,0,3,2.49,28,0.38,51.5
150,320,200,1.44,16,4.33,20,0,0,0,90,0.5,61.4
150,400,240,1.23,16,4.06,0,0,0,1.63,180,0.6,48.8
100,147.48,108,3,40,10.02,30,0,0,2.53,28,0.51,32.34
150,288,188,1.5,20,5.9,0,0,10,1.92,7,0.59,36.5
150,400,188,1.63,20,4.52,0,0,0,2,14,0.47,50.8
150,90,135,1.44,16,4.07,80,0,0,8.1,90,0.3,77.4
100,235,175,1.61,31.5,5.44,0,30,0,5.6,90,0.52,36.1
150,450,180,1.23,16,3.87,0,0,0,5.49,180,0.4,80
150,175,230,1.52,19,4.9,50,0,0,0,14,0.66,20.6
150,280,175,1.44,16,5.26,20,0,0,0,7,0.5,41.2
200,470,100,1.5,20,3.14,0,0,16,12.6,28,0.18,62.29
150,268,150,1.33,25,5.3,0,25,0,3.57,90,0.42,54.2
150,175,223,1.52,19,5.99,40,0,0,0,365,0.75,38.4
100,200,132,2,10,4.5,0,50,0,5.6,3,0.33,32.75
200,269.231,175,1.69,20,7.44,0,0,0,0,28,0.65,17.79
100,400,128,2,10,4.5,0,0,0,0,90,0.32,81.54
150,280,224,1.52,19,6.44,0,0,0,0,7,0.8,19.6
150,210,175,1.44,16,5.23,40,0,0,0,28,0.5,55.9
100,325,162,2,20,5.99,0,0,0,0,28,0.5,44.1273
100,205,193,1.48,31.5,7.35,0,20,0,4,180,0.76,31
150,280,175,1.23,16,5.25,0,0,20,2.85,500,0.5,63.9
100,293.46,153.3,1.43,25,3.99,0,30,3,3.942,28,0.35,68.7
150,297.5,105,1.23,16,5.78,0,0,15,28.5,180,0.3,85.5
100,352,190,1.5,25,3.49,30,0,0,2,7,0.38,48.75
100,210,172,1.62,31.5,4.09,20,30,0,8,60,0.4,47.8
100,129,161,2,20,6,60,0,0,0,7,0.5,23.5729
100,235,178,1.46,31.5,6.39,10,10,0,4.9,14,0.6,25.2
150,245,263,1.52,19,2.56,56,0,0,0,7,0.47,29.5
150,360,180,1.44,16,3.87,20,0,0,3.6,90,0.4,82.3
100,430,172,1.28,12.5,4.21,0,0,0,0.7,3,0.4,37.6
150,350,140,1.23,16,5.52,0,0,0,8.54,500,0.4,73.2
150,360,270,1.23,16,3.34,0,0,20,1.1,3,0.6,21.2
150,360,135,1.44,16,4.13,20,0,0,14.4,7,0.3,72.1
100,360,144,1.83,25,2.83,0,30,10,12,56,0.24,103.018
150,70,105,1.44,16,5.71,80,0,0,5.6,3,0.3,22
100,84.28,108,3,40,10.02,60,0,0,2.53,28,0.51,31.67
100,208,185,1.58,31.5,4.88,25,20,0,2.65,7,0.49,26.4
150,210,261,1.52,19,2.69,61,0,0,0,180,0.48,47.9
200,73.21,108,2.7,80,11.69,60,0,0,2.2,28,0.59,21.72
100,330,133,1.91,20,3.69,19,6,7,9.3,28,0.27,90.8
150,400,200,1.23,16,4.33,0,0,0,3.25,3,0.5,33.4
250,84.28,108,3,40,10.02,60,0,0,2.53,28,0.51,26.91
100,135,198,2.11,31.5,3.83,0,70,0,0,14,0.44,10.064
100,270,175,1.43,25,4.74,0,29,0,4.56,270,0.46,55
100,420,162,1.83,25,2.83,20,0,10,12,56,0.27,103.404
100,250,170,1.7,31.5,5.73,18,3,0,6.8,7,0.54,31.9
100,245,198,1.44,31.5,7.71,0,0,0,4.2,28,0.81,23.8
100,360,126,1.83,25,2.83,30,0,10,12,3,0.21,76.7867
150,350,210,1.23,16,4.99,0,0,0,1.42,500,0.6,45.5
150,315,140,1.23,16,5.52,0,0,10,8.54,7,0.4,62.4
200,432,160,1.5,20,4.19,0,0,0,0,28,0.37,41.11
150,280,140,1.23,16,5.52,0,0,20,8.54,3,0.4,45.4
100,357,150,1.33,25,5.3,0,0,0,3.57,90,0.42,57.1
150,126.41,108,3,40,10.02,40,0,0,2.53,28,0.51,30.52
150,315,210,1.23,16,4.99,0,0,10,1.42,3,0.6,21.3
150,486,214,2.57,16,2.69,0,15,0,9.57,28,0.37,50.5
100,329.23,131.88,1.63,31.5,3.49,0,35,0,9.88,28,0.26,52.46
150,270,225,1.44,16,3.58,40,0,0,0,7,0.5,28.3
150,210,175,1.44,16,5.23,40,0,0,0,3,0.5,24.3
100,412,156.56,1.33,25,4.42,0,0,0,4.12,180,0.38,84.7
100,325,162,2,20,5.99,0,0,0,0,1,0.5,10.2053
100,212,177,1.58,31.5,5.65,15,20,0,5.2,60,0.54,36.9
150,464,162,1.63,20,2.86,0,20,0,0,3,0.28,48.4
100,360,144,1.83,25,2.83,30,0,10,12,56,0.24,102.489
200,318.182,175,1.7,20,6.26,0,0,0,0,28,0.55,23.93
150,90,180,1.44,16,3.8,80,0,0,1.35,90,0.4,54.6
150,197.5,197.5,1.5,20,4.57,40,10,0,0,3,0.5,7.01592
100,300,126,1.83,25,2.83,40,0,10,12,3,0.21,76.6292
100,480,162,1.83,25,2.83,0,10,10,12,3,0.27,71.8913
150,240,120,1.44,16,4.84,40,0,0,9.6,90,0.3,88.3
150,210,214,1.52,19,9,0,0,0,0,119,1.02,18.3
150,245,239,1.52,19,3.88,42,0,0,0,180,0.57,57.4
150,297.5,140,1.23,16,5.52,0,0,15,8.54,28,0.4,88.7
150,280,140,1.23,16,5.52,0,0,20,8.54,180,0.4,95.5
150,70,105,1.44,16,5.71,80,0,0,5.6,7,0.3,45.8
250,147.48,108,3,80,10.02,30,0,0,2.53,28,0.51,25.81
150,450,180,1.44,16,3.89,0,0,0,4.5,90,0.4,71
100,356,160.2,1.27,25,5.16,0,0,0,3.204,90,0.45,72.7
100,330,165,1.22,25,5.6,0,0,0,2.64,90,0.5,63.6
100,170,180,1.44,31.5,7.19,15,20,0,4.3,60,0.68,25.8
100,271.35,153.9,1.33,25,4.42,0,30,3,3.645,90,0.38,73.5
100,170,175,1.56,31.5,6.62,0,40,0,4.5,90,0.62,29.4
150,175,248,1.52,19,3.49,61,0,0,0,63,0.55,30.4
150,315,140,1.23,16,5.52,0,0,10,8.54,500,0.4,94.1
150,450,180,1.23,16,3.87,0,0,0,5.49,7,0.4,60.5
150,245,250,1.52,19,3.13,50,0,0,0,7,0.51,30.1
100,300,162,1.83,25,2.83,40,0,10,12,56,0.27,97.191
150,280,224,1.52,19,6.44,0,0,0,0,14,0.8,21.9
100,245,198,1.44,31.5,7.71,0,0,0,4.2,60,0.81,25.9
100,150,178,1.52,31.5,6.19,20,30,0,5,7,0.59,12.8
150,464,162,1.63,20,2.86,0,20,0,6.72,3,0.28,47.1
100,318.79,159.4,1.63,31.5,3.49,0,35,0,9.57,7,0.32,42.38
150,210,224,1.52,19,5.93,30,0,0,0,365,0.75,39.1
100,200,132,2,10,4.5,0,50,0,5.6,180,0.33,90.5
250,161.2,108,2.57,80,13.4,0,0,0,1.95,28,0.67,16.21
150,109.81,108,2.7,40,11.69,40,0,0,2.2,28,0.59,25.26
100,300,170,1.53,31.5,4.83,0,20,0,6.5,14,0.45,44.8
150,400,120,1.23,16,4.86,0,0,0,22.76,500,0.3,79.2
150,320,240,1.23,16,4.06,0,0,20,1.63,7,0.6,45.7
150,280,175,1.23,16,5.25,0,0,20,2.85,7,0.5,45
150,160,160,1.44,16,4.55,60,0,0,2.4,360,0.4,82.8
150,400,120,1.23,16,4.86,0,0,0,22.76,180,0.3,77
150,315,210,1.23,16,4.99,0,0,10,1.42,7,0.6,31.7
150,340,120,1.23,16,4.86,0,0,15,22.76,180,0.3,91.4
100,120,160,2,10,4.5,0,70,0,0,365,0.4,51.2
200,109.81,108,2.7,40,11.69,40,0,0,2.2,28,0.59,24.28
300,113.49,108,2.57,80,13.32,30,0,0,1.95,28,0.67,15.5
150,382.5,270,1.23,16,3.34,0,0,15,1.1,3,0.6,20.2
150,320,200,1.44,16,4.33,20,0,0,0,3,0.5,22.9
150,300,93,1.86,25,3.57,0,40,0,6,7,0.19,34.9
150,475.3,195,2.23,25,3.57,0,0,0,0,28,0.41,42.7
100,190,185,1.52,31.5,6.93,0,30,0,4.4,7,0.69,12.8
150,81.06,108,2.57,40,13.32,50,0,0,1.95,28,0.67,18.58
150,400,160,1.23,16,4.59,0,0,0,4.88,7,0.4,57.7
150,297.5,175,1.23,16,5.25,0,0,15,2.85,7,0.5,46.5
250,105.34,108,3,80,10.02,50,0,0,2.53,28,0.51,25.06
100,150,178,1.52,31.5,6.19,20,30,0,5,90,0.59,32.8
100,344,172,1.18,12.5,5.47,0,0,0,0.7,28,0.5,47.3
100,200,186,1.43,31.5,7.62,10,10,0,4.1,60,0.74,23
100,251,190,1.5,25,3.5,50,0,0,2,7,0.38,52.7
100,288.4,156.56,1.53,25,4.32,0,30,0,3.708,28,0.38,62.8
150,140,175,1.44,16,5.21,60,0,0,0,3,0.5,16.8
200,64.85,108,2.57,40,13.32,60,0,0,1.95,28,0.67,17.92
100,300,170,1.53,31.5,4.83,0,20,0,6.5,28,0.45,50.2
150,400,165,1.57,20,4.24,0,7,0,4.71,28,0.39,60.4
250,64.85,108,2.57,80,13.32,60,0,0,1.95,28,0.67,15.57
150,297.5,210,1.23,16,4.99,0,0,15,1.42,3,0.6,21.5
100,392,196,1.05,12.5,4.53,0,0,0,0,28,0.5,44.69
150,297.5,210,1.23,16,4.99,0,0,15,1.42,500,0.6,50.5
100,340,175,1.98,31.5,3.46,0,30,0,9,28,0.36,54
150,210,240,1.52,19,3.87,50,0,0,0,14,0.57,26.6
200,126.41,108,3,80,10.02,40,0,0,2.53,28,0.51,27.77
150,197.5,197.5,1.5,20,4.57,30,20,0,0,28,0.5,38.5279
150,400,180,1.5,20,3.27,18,11,0,0,28,0.32,59.0865
200,81.06,108,2.57,80,13.32,50,0,0,1.95,28,0.67,16.81
100,360,144,1.83,25,2.83,0,30,10,12,7,0.24,73.3016
100,480,144,1.83,25,2.83,10,0,10,12,3,0.24,77.9433
100,200,132,2,10,4.5,0,50,0,5.6,365,0.33,94.35
100,360,144,1.83,25,2.83,30,0,10,12,7,0.24,82.7196
100,340,175,1.39,31.5,5.48,0,0,0,5.8,60,0.51,43.4
150,300,225,1.52,19,5.94,0,0,0,0,119,0.75,30.4
200,113.49,108,2.57,80,13.32,30,0,0,1.95,28,0.67,17.4
100,64.85,108,2.57,40,13.32,60,0,0,1.95,28,0.67,18.94
100,105.34,108,3,40,10.02,50,0,0,2.53,28,0.51,31.94
100,151.2,185,1.58,31.5,5.14,37,21,0,4.65,7,0.52,26.2
150,245,225,1.52,19,5.99,18,0,0,0,7,0.76,20.8
150,357,150,1.33,25,5.3,0,0,0,3.57,90,0.42,58.6
150,400,200,1.44,16,4.34,0,0,0,0.4,3,0.5,26.2
100,360,172,1.69,31.5,4.86,0,0,0,8,14,0.48,57.6
150,475.3,218.64,2.23,25,3.44,0,0,0,0,28,0.46,40.96
150,415,224,1.5,20,4.24,0,0,0,0,28,0.54,32
100,235,175,1.61,31.5,5.44,0,30,0,5.6,28,0.52,29.3
150,405,180,1.23,16,3.87,0,0,10,5.49,180,0.4,87.4
150,240,200,1.44,16,4.3,40,0,0,0,90,0.5,57.9
100,462,190,1.5,25,3.5,0,0,8,2,28,0.38,72.45
150,320,120,1.44,16,4.85,20,0,0,14,28,0.3,81.4
150,245,263,1.52,19,2.56,56,0,0,0,365,0.47,60.2
150,80,160,1.44,16,4.53,80,0,0,3.6,7,0.4,38.6
150,320,160,1.44,16,4.59,20,0,0,4,360,0.4,76.4
100,236,172,1.35,12.5,3.75,50,0,0,0.75,7,0.36,38.06
150,175,248,1.52,19,3.49,61,0,0,0,7,0.55,17.1
150,250,219,1.52,19,7.37,0,0,0,0,63,0.88,23.2
100,360,162,1.83,25,2.83,0,30,10,12,28,0.27,93.2328
150,340,160,1.23,16,4.59,0,0,15,4.88,180,0.4,85
100,308.93,185.41,1.88,31.5,2.9,0,43,0,10.81,90,0.34,65.04
200,81.06,108,2.57,80,13.32,50,0,0,1.95,28,0.67,16.81
150,360,225,1.44,16,3.6,20,0,0,0,3,0.5,21.3
150,400,188,1.63,20,4.52,0,0,0,2,3,0.47,33.3
150,175,223,1.52,19,5.99,40,0,0,0,14,0.75,20.2
150,245,225,1.52,19,5.99,18,0,0,0,119,0.76,33
100,200,156,2,10,4.5,0,50,0,0,90,0.39,66.4
150,210,214,1.52,19,9,0,0,0,0,63,1.02,18
100,270,175,1.43,25,4.74,8,21,0,4.56,270,0.46,62.6
150,464,162,1.63,20,2.86,0,20,0,6.72,7,0.28,60.4
150,360,120,1.23,16,4.86,0,0,10,22.76,3,0.3,56
100,215,172,1.28,12.5,4.21,50,0,0,0.75,56,0.4,58.76
150,245,218,1.52,19,7.55,0,0,0,0,7,0.89,16.1
150,270,225,1.44,16,3.58,40,0,0,0,90,0.5,53.4
150,80,120,1.44,16,4.79,80,0,0,4.8,3,0.3,24.5
150,360,188,1.63,20,4.52,0,0,10,2,7,0.47,45.8
300,113.49,108,2.57,40,13.32,30,0,0,1.95,28,0.67,16.52
150,297.5,175,1.23,16,5.25,0,0,15,2.85,500,0.5,68.6
100,400,128,2,10,4.5,0,0,0,0,180,0.32,82.4
150,210,231,1.52,19,4.73,42,0,0,0,63,0.64,40
100,400,136,2,10,4.5,0,0,0,5.6,90,0.34,76.85
200,461.95,194,1.7,20,3.89,0,0,0,0,28,0.42,33.14
200,375,195,1.78,20,4.88,0,0,0,0,28,0.52,40.4
150,70,140,1.44,16,5.46,80,0,0,2.8,3,0.4,18.9
150,450,225,1.23,16,3.6,0,0,0,2.2,7,0.5,50.9
150,350,105,1.23,16,5.78,0,0,0,28.5,3,0.3,43.6
150,450,225,1.23,16,3.6,0,0,0,2.2,28,0.5,50.9
150,175,209,1.52,19,11.05,0,0,0,0,7,1.19,9.2
150,210,105,1.44,16,5.76,40,0,0,8.75,90,0.3,87.8
150,297.5,140,1.23,16,5.52,0,0,15,8.54,180,0.4,93.9
150,280,236,1.52,19,4.15,30,0,0,0,180,0.59,53.8
200,147.48,108,3,80,10.02,30,0,0,2.53,28,0.51,28.18
150,405,180,1.23,16,3.87,0,0,10,5.49,7,0.4,85
150,450,225,1.44,16,3.62,0,0,0,0,3,0.5,25.8
100,270,175,1.43,25,4.74,8,21,0,4.56,270,0.46,57
150,64.85,108,2.57,40,13.32,60,0,0,1.95,28,0.67,18.46
100,420,144,1.83,25,2.83,0,20,10,12,56,0.24,107.66
150,269.231,175,1.69,20,7.44,0,0,0,0,28,0.65,18.21
150,350,175,1.23,16,5.25,0,0,0,2.85,500,0.5,64.5
150,320,120,1.44,16,4.85,20,0,0,14,3,0.3,51.4
100,462,185,2.34,31.5,3.79,0,0,0,0,28,0.4,44.9
150,320,120,1.23,16,4.86,0,0,20,22.76,500,0.3,104.1
150,280,295,1.52,19,1.67,61,0,0,0,365,0.41,62.4
100,385,154,1.33,25,4.7,0,0,0,3.465,180,0.4,83.5
150,160,200,1.44,16,4.28,60,0,0,0,28,0.5,40.1
150,206.1,108,3,40,10.27,0,0,0,2.47,28,0.52,30.71
150,340,200,1.23,16,4.33,0,0,15,3.25,500,0.5,62
150,340,160,1.23,16,4.59,0,0,15,4.88,7,0.4,64.6
150,400,160,1.23,16,4.59,0,0,0,4.88,3,0.4,45.5
250,126.41,108,3,80,10.02,40,0,0,2.53,28,0.51,25.49
100,109.81,108,2.7,40,11.69,40,0,0,2.2,28,0.59,26.24
150,360,200,1.23,16,4.33,0,0,10,3.25,28,0.5,62.3
150,175,230,1.52,19,4.9,50,0,0,0,180,0.66,40.8
150,320,160,1.23,16,4.59,0,0,20,4.88,28,0.4,80.3
150,90,180,1.44,16,3.8,80,0,0,1.35,7,0.4,36.7
150,280,263,1.52,19,2.56,50,0,0,0,7,0.47,34.4
150,160,160,1.44,16,4.55,60,0,0,2.4,7,0.4,45.6
150,175,223,1.52,19,5.99,40,0,0,0,28,0.75,27
150,400,200,1.23,16,4.33,0,0,0,3.25,28,0.5,50
200,174.89,108,2.7,80,12.28,0,0,0,2.1,28,0.62,23.01
150,140,140,1.44,16,5.47,60,0,0,1.75,3,0.4,27.3
250,113.49,108,2.57,40,13.32,30,0,0,1.95,28,0.67,17.29
100,360,162,1.83,25,2.83,30,0,10,12,7,0.27,80.603
300,174.89,108,2.7,80,12.28,0,0,0,2.1,28,0.62,19.88
150,160,200,1.44,16,4.28,60,0,0,0,360,0.5,56
100,445,155.75,1.38,25,4,0,0,0,4.45,180,0.35,86.9
150,175,218,1.52,19,7.36,30,0,0,0,180,0.87,30.5
100,120,172,2,10,4.5,0,70,0,5.6,180,0.43,44.15
150,360,135,1.23,16,4.13,0,0,20,18.3,180,0.3,110
100,427,190,1.5,25,3.5,0,0,15,2,7,0.38,62.7
100,311.5,155.75,1.61,25,3.89,0,30,0,4.005,28,0.35,71.3
150,175,209,1.52,19,11.05,0,0,0,0,119,1.19,13.6
100,344,172,1.18,12.5,5.47,0,0,0,0.7,56,0.5,49.91
200,470,94,1.5,20,3.17,0,0,15,9.4,28,0.17,60.18
150,350,210,1.23,16,4.99,0,0,0,1.42,7,0.6,28
250,84.28,108,3,80,10.02,60,0,0,2.53,28,0.51,24.48
150,400,200,1.23,16,4.33,0,0,0,3.25,500,0.5,58.9
150,270,180,1.44,16,3.84,40,0,0,2.25,7,0.4,56.3
150,175,238,1.52,19,4.11,56,0,0,0,7,0.6,18.5
150,240,200,1.44,16,4.3,40,0,0,0,7,0.5,28.6
150,280,210,1.23,16,4.99,0,0,20,1.42,3,0.6,20.9
150,80,160,1.44,16,4.53,80,0,0,3.6,90,0.4,56.8
150,566,226,2.57,16,2.72,0,0,0,0,28,0.4,47.4
150,400,239,1.52,19,4.15,0,0,0,0,63,0.6,41.5
250,151.31,108,2.57,40,14.35,0,0,0,1.82,28,0.71,17.24
150,80,120,1.44,16,4.79,80,0,0,4.8,28,0.3,67.7
150,160,120,1.44,16,4.81,60,0,0,6,360,0.3,89.2
100,375,195,1.78,20,4.88,0,0,0,0,28,0.52,46.11
150,275,160,1.5,20,7.15,0,0,0,0,28,0.58,24.14
150,350,105,1.23,16,5.78,0,0,0,28.5,7,0.3,55
250,84.28,108,3,80,10.02,60,0,0,2.53,28,0.51,24.48
100,270,175,1.43,25,4.74,8,21,0,4.56,90,0.46,46.8
150,320,240,1.23,16,4.06,0,0,20,1.63,500,0.6,50.5
100,293.46,153.3,1.43,25,3.99,0,30,3,3.942,180,0.35,86.7
150,280,175,1.44,16,5.26,20,0,0,0,3,0.5,29.8
100,480,162,1.83,25,2.83,10,0,10,12,7,0.27,81.3475
150,118.5,197.5,1.5,20,4.57,70,0,0,0,14,0.5,29.8684
100,293.46,153.3,1.43,25,3.99,0,30,3,3.942,90,0.35,80.8
100,450,198,2.11,31.5,3.83,0,0,0,0,28,0.44,49.85
100,200,186,1.43,31.5,7.62,10,10,0,4.1,14,0.74,16.6
100,430,172,1.28,12.5,4.21,0,0,0,0.7,28,0.4,63.49
100,270,175,1.43,25,4.74,0,29,0,4.56,270,0.46,50.5
250,64.85,108,2.57,80,13.32,60,0,0,1.95,28,0.67,15.57
150,270,135,1.44,16,4.11,40,0,0,11.7,7,0.3,66.4
100,470,94,1.5,20,3.17,0,0,15,9.4,28,0.17,70.47
200,84.28,108,3,80,10.02,60,0,0,2.53,28,0.51,26.56
150,297.5,140,1.23,16,5.52,0,0,15,8.54,500,0.4,94
150,360,135,1.23,16,4.13,0,0,20,18.3,3,0.3,55.6
100,360,144,1.83,25,2.83,0,30,10,12,28,0.24,95.2436
150,350,175,1.44,16,5.27,0,0,0,0.7,90,0.5,61.5
150,245,239,1.52,19,3.88,42,0,0,0,28,0.57,41.4
150,197.5,197.5,1.5,20,4.57,50,0,0,0,28,0.5,41.4474
150,180,135,1.44,16,4.09,60,0,0,9,7,0.3,63.2
100,270,175,1.43,25,4.74,8,21,0,4.56,360,0.46,64
150,297.5,105,1.23,16,5.78,0,0,15,28.5,28,0.3,82.7
100,270,175,1.43,25,4.74,0,29,0,4.56,120,0.46,50.5
150,410,180,1.5,20,3.08,21,10,0,0,28,0.3,60.6
250,73.21,108,2.7,40,11.69,60,0,0,2.2,28,0.59,21.94
100,410,180,1.47,31.5,4.39,0,0,0,7.5,7,0.44,43.7
150,320,200,1.23,16,4.33,0,0,20,3.25,180,0.5,60.8
100,412,156.56,1.33,25,4.42,0,0,0,4.12,90,0.38,81.6
150,400,160,1.44,16,4.61,0,0,0,6,28,0.4,63.9
150,276.5,197.5,1.5,20,4.57,30,0,0,0,14,0.5,35.7895
150,240,160,1.44,16,4.56,40,0,0,4,7,0.4,50.6
150,245,250,1.52,19,3.13,50,0,0,0,14,0.51,33
100,268,150,1.33,25,5.3,0,25,0,3.57,90,0.42,52.5
150,300,225,1.52,19,5.94,0,0,0,0,180,0.75,33.1
150,240,120,1.44,16,4.84,40,0,0,9.6,3,0.3,48.5
150,350,232,1.52,19,4.92,0,0,0,0,28,0.66,35
150,537,214,2.22,16,2.97,0,0,0,0,28,0.4,50.5
150,554,250,2.84,16,2.69,0,0,0,0,28,0.45,44.5
150,280,247,1.52,19,3.24,42,0,0,0,14,0.51,37.5
150,400,124,1.86,25,3.57,0,20,0,6,28,0.25,62.4
150,360,225,1.44,16,3.6,20,0,0,0,7,0.5,33.2
150,210,261,1.52,19,2.69,61,0,0,0,14,0.48,24.3
100,354,172,1.43,12.5,3.66,0,25,0,0.75,3,0.36,32.96
100,64,161,2,20,6,80,0,0,0,1,0.5,2.73101
150,462,185,2.34,31.5,3.79,0,0,0,0,28,0.4,43.1
150,280,263,1.52,19,2.56,50,0,0,0,119,0.47,59.9
150,461,203,2.22,16,2.94,0,15,0,9.08,28,0.37,50.8
100,308.93,185.41,1.63,31.5,3.49,0,35,0,9.27,90,0.39,53.69
150,210,105,1.44,16,5.76,40,0,0,8.75,360,0.3,91.8
200,126.41,108,3,80,10.02,40,0,0,2.53,28,0.51,27.77
150,350,105,1.86,25,3.57,30,0,0,6,28,0.21,63.3
150,180,225,1.44,16,3.56,60,0,0,0,90,0.5,49.1
150,350,232,1.52,19,4.92,0,0,0,0,63,0.66,35.9
150,360,180,1.44,16,3.87,20,0,0,3.6,3,0.4,45.8
150,450,270,1.23,16,3.34,0,0,0,1.1,28,0.6,38.3
150,197.5,197.5,1.5,20,4.57,30,20,0,0,3,0.5,8.60743
100,129,161,2,20,6,60,0,0,0,14,0.5,36.2218
100,330,188,2.2,31.5,2.91,0,40,0,11,90,0.34,56.3
150,175,238,1.52,19,4.11,56,0,0,0,63,0.6,32.9
100,300,162,1.83,25,2.83,0,40,10,12,28,0.27,91.0112
100,318.182,175,1.7,20,6.26,0,0,0,0,28,0.55,26.06
100,225,198,2.11,31.5,3.83,0,50,0,0,28,0.44,28.057
250,113.49,108,2.57,80,13.32,30,0,0,1.95,28,0.67,16.25
150,197.5,197.5,1.5,20,4.57,50,0,0,0,3,0.5,9.47368
150,400,120,1.44,16,4.88,0,0,0,16,90,0.3,85.2
100,420,126,1.83,25,2.83,0,20,10,12,28,0.21,97.8723
150,175,215,1.52,19,8.86,18,0,0,0,119,1.01,20
150,140,175,1.44,16,5.21,60,0,0,0,28,0.5,45.1
100,120,172,2,10,4.5,0,70,0,5.6,365,0.43,50.25
150,406,162,1.63,20,2.86,0,20,10,6.72,14,0.28,76.1
150,360,270,1.23,16,3.34,0,0,20,1.1,500,0.6,41.6
150,400,120,1.44,16,4.88,0,0,0,16,28,0.3,80.7
150,400,200,1.44,16,4.34,0,0,0,0.4,7,0.5,34.9
150,80,120,1.44,16,4.79,80,0,0,4.8,7,0.3,48.5
150,175,230,1.52,19,4.9,50,0,0,0,7,0.66,19.1
100,97.27,108,2.57,40,13.32,40,0,0,1.95,28,0.67,19.35
150,382.5,180,1.23,16,3.87,0,0,15,5.49,28,0.4,87.7
150,350,105,1.86,25,3.57,0,30,0,6,3,0.21,32.6
150,280,236,1.52,19,4.15,30,0,0,0,28,0.59,41.8
150,210,219,1.52,19,7.2,18,0,0,0,14,0.86,18.3
150,315,105,1.23,16,5.78,0,0,10,28.5,500,0.3,90.5
150,73.21,108,2.7,40,11.69,60,0,0,2.2,28,0.59,24.18
300,81.06,108,2.57,80,13.32,50,0,0,1.95,28,0.67,15
150,240,160,1.44,16,4.56,40,0,0,4,90,0.4,77.9
100,502,190,1.5,25,3.5,0,0,0,2,28,0.38,65.35
100,352,190,1.5,25,3.49,0,30,0,2,7,0.38,51.6
100,318.79,159.4,1.88,31.5,2.9,0,43,0,11.16,7,0.29,45.27
150,400,124,1.86,25,3.57,0,20,0,6,7,0.25,52.5
100,400,128,2,10,4.5,0,0,0,0,7,0.32,56.27
150,363.85,180,1.5,20,4.15,4,13,0,0,28,0.41,54.5459
150,210,231,1.52,19,4.73,42,0,0,0,7,0.64,23.9
100,344,172,1.18,12.5,5.47,0,0,0,0.7,3,0.5,22.26
250,206.1,108,3,80,10.27,0,0,0,2.47,28,0.52,25.61
150,450,135,1.23,16,4.13,0,0,0,18.3,28,0.3,73.3
100,200,120,2,10,4.5,0,50,0,0,365,0.3,87.85
250,64.85,108,2.57,40,13.32,60,0,0,1.95,28,0.67,16.95
100,200,132,2,10,4.5,0,50,0,5.6,28,0.33,63.5
100,260,175,1.52,31.5,5.76,0,20,0,5.2,7,0.54,21.6
100,205,193,1.48,31.5,7.35,0,20,0,4,28,0.76,22.2
150,91.51,108,2.7,40,11.69,50,0,0,2.2,28,0.59,24.71
250,109.81,108,2.7,80,11.69,40,0,0,2.2,28,0.59,21.22
150,90,225,1.44,16,3.53,80,0,0,0,3,0.5,9
150,245,263,1.52,19,2.56,56,0,0,0,119,0.47,53.7
150,288,188,1.5,20,5.9,0,0,10,1.92,28,0.59,52.3
100,212,177,1.58,31.5,5.65,15,20,0,5.2,90,0.54,40.6
250,147.48,108,3,80,10.02,30,0,0,2.53,28,0.51,25.81
100,113.49,108,2.57,40,13.32,30,0,0,1.95,28,0.67,19.51
100,340,184,1.86,20,5.52,0,0,0,0,7,0.54,26.9
150,280,210,1.23,16,4.99,0,0,20,1.42,180,0.6,48
100,308.93,185.41,1.63,31.5,3.49,0,35,0,9.27,28,0.39,39.12
150,245,250,1.52,19,3.13,50,0,0,0,180,0.51,59.7
150,360,135,1.23,16,4.13,0,0,20,18.3,500,0.3,110
100,360,172,1.69,31.5,4.86,0,0,0,8,60,0.48,61.7
150,175,209,1.52,19,11.05,0,0,0,0,14,1.19,9.7
100,300,144,1.83,25,2.83,0,40,10,12,7,0.24,69.7753
150,175,248,1.52,19,3.49,61,0,0,0,28,0.55,25.1
100,215,172,1.28,12.5,4.21,50,0,0,0.75,28,0.4,55.55
150,405,180,1.23,16,3.87,0,0,10,5.49,3,0.4,47.2
150,340,120,1.23,16,4.86,0,0,15,22.76,500,0.3,99
100,245,198,1.44,31.5,7.71,0,0,0,4.2,180,0.81,29.1
150,340,160,1.23,16,4.59,0,0,15,4.88,500,0.4,85.2
100,206.1,108,3,40,10.27,0,0,0,2.47,28,0.52,32.38
150,140,105,1.44,16,5.74,60,0,0,7,7,0.3,57.3
150,210,240,1.52,19,3.86,50,0,0,0,119,0.57,45.4
100,189,185,1.58,31.5,4.88,30,20,0,3.65,7,0.49,23.8
150,270,135,1.44,16,4.11,40,0,0,11.7,28,0.3,83.8
100,360,172,1.69,31.5,4.86,0,0,0,8,180,0.48,71.6
100,133.5,155.75,1.44,25,3.93,70,0,0,2.225,90,0.35,60.9
100,300,144,1.83,25,2.83,40,0,10,12,28,0.24,90.7865
100,445,155.75,1.38,25,4,0,0,0,4.45,28,0.35,75.6
150,360,180,1.23,16,3.87,0,0,20,5.49,500,0.4,82.5
200,126.41,108,3,40,10.02,40,0,0,2.53,28,0.51,29.09
150,180,135,1.44,16,4.09,60,0,0,9,360,0.3,101.3
100,330,165,1.22,25,5.6,0,0,0,2.64,28,0.5,58.9
150,140,140,1.44,16,5.47,60,0,0,1.75,90,0.4,74
150,270,135,1.44,16,4.11,40,0,0,11.7,360,0.3,96.8
150,276.5,197.5,1.5,20,4.57,30,0,0,0,28,0.5,45.3947
100,120,116,2,10,4.5,0,70,0,0,180,0.29,59.9
100,308.93,185.41,1.88,31.5,2.9,0,43,0,10.81,28,0.34,52.82
100,64,161,2,20,6,80,0,0,0,7,0.5,19.117
150,432,160,1.53,20,4.23,0,0,0,0,28,0.37,44.21
100,120.42,156.1,1.33,25,4,70,0,3,3.122,90,0.35,66.2
150,80,200,1.44,16,4.26,80,0,0,0,90,0.5,31.6
100,270,175,1.43,25,4.74,0,29,0,4.56,90,0.46,50.3
150,340,240,1.23,16,4.06,0,0,15,1.63,7,0.6,49.6
100,120,160,2,10,4.5,0,70,0,0,1,0.4,4.29
150,400,188,1.63,20,4.52,0,0,0,0,3,0.47,35
250,360,195,1.35,20,4.05,0,16,0,0,215,0.45,56.97
300,81.06,108,2.57,80,13.32,50,0,0,1.95,28,0.67,15
150,350,210,1.23,16,4.99,0,0,0,1.42,28,0.6,37.5
150,360,180,1.23,16,3.87,0,0,20,5.49,180,0.4,82.5
150,210,175,1.44,16,5.23,40,0,0,0,7,0.5,36.9
150,382.5,270,1.23,16,3.34,0,0,15,1.1,28,0.6,43.5
250,97.27,108,2.57,80,13.32,40,0,0,1.95,28,0.67,16.08
100,400,136,2,10,4.5,0,0,0,5.6,7,0.34,51.54
100,268,150,1.33,25,5.3,0,25,0,3.57,365,0.42,58.6
150,280,247,1.52,19,3.24,42,0,0,0,119,0.51,58.3
150,280,175,1.23,16,5.25,0,0,20,2.85,3,0.5,31.1
100,323,172,1.35,12.5,4.12,0,25,0,0.75,3,0.4,30.92
150,360,225,1.44,16,3.6,20,0,0,0,90,0.5,56.2
150,400,188,1.63,20,4.52,0,0,0,2,28,0.47,58.7
150,297.5,210,1.23,16,4.99,0,0,15,1.42,7,0.6,32.6
100,420,126,1.83,25,2.83,0,20,10,12,7,0.21,78.2979
100,270,175,1.43,25,4.74,0,29,0,4.56,360,0.46,51
100,412,156.56,1.33,25,4.42,0,0,0,4.12,28,0.38,73.5
100,120,172,2,10,4.5,0,70,0,5.6,28,0.43,19.34
100,340,120,1.91,20,3.35,18,10,7,12.6,28,0.23,95.1
150,300,225,1.52,19,5.94,0,0,0,0,14,0.75,22.7
100,170,180,1.44,31.5,7.19,15,20,0,4.3,7,0.68,11.8
300,64.85,108,2.57,40,13.32,60,0,0,1.95,28,0.67,16.21
150,450,135,1.44,16,4.14,0,0,0,18,90,0.3,85.7
100,121.5,153.9,1.33,25,4.42,50,20,0,2.43,180,0.38,65.3
100,200,132,2,10,4.5,0,50,0,5.6,90,0.33,81.6
150,360,180,1.44,16,3.87,20,0,0,3.6,7,0.4,60.3
150,385,165,1.62,20,3.24,0,30,0,7.7,28,0.3,69.1
150,90,225,1.44,16,3.53,80,0,0,0,360,0.5,39.6
100,400,128,2,10,4.5,0,0,0,0,365,0.32,84.72
200,432,160,1.53,20,4.23,0,0,0,0,28,0.37,41.23
100,321,150,1.33,25,5.3,0,10,0,3.57,90,0.42,64.2
150,210,251,1.52,19,3.2,56,0,0,0,7,0.52,24.1
100,210,172,1.62,31.5,4.09,20,30,0,8,28,0.4,43.7
150,320,160,1.23,16,4.59,0,0,20,4.88,500,0.4,83.2
150,320,120,1.23,16,4.86,0,0,20,22.76,180,0.3,102.6
150,450,180,1.44,16,3.89,0,0,0,4.5,7,0.4,59.2
100,400,136,2,10,4.5,0,0,0,5.6,1,0.34,12.05
100,392,196,1.05,12.5,4.53,0,0,0,0,3,0.5,25.16
100,151.31,108,2.57,40,14.35,0,0,0,1.82,28,0.71,19.48
150,175,215,1.52,19,8.86,18,0,0,0,365,1.01,21.4
100,300,170,1.85,31.5,4.71,19,0,0,8.3,180,0.46,64.6
100,300,144,1.83,25,2.83,40,0,10,12,3,0.24,73.4831
100,200,156,2,10,4.5,0,50,0,0,365,0.39,77.4
150,360,240,1.23,16,4.06,0,0,10,1.63,28,0.6,44.9
150,175,215,1.52,19,8.86,18,0,0,0,28,1.01,18.1
100,470,100,1.5,20,3.14,0,0,16,12.6,28,0.18,73.16
100,325,170,1.64,31.5,4.45,10,10,0,8.1,28,0.42,52.1
150,197.5,197.5,1.5,20,4.57,40,10,0,0,28,0.5,35.2387
150,118.5,197.5,1.5,20,4.57,70,0,0,0,7,0.5,19.6053
150,360,188,1.63,20,4.52,0,0,10,2,3,0.47,35.3
150,320,188,1.5,20,5.9,0,0,0,0,14,0.59,35.8
150,320,188,1.5,20,5.9,0,0,0,0,7,0.59,33
150,360,225,1.23,16,3.6,0,0,20,2.2,500,0.5,59
100,300,170,1.53,31.5,4.83,0,20,0,6.5,90,0.45,56.5
150,80,160,1.44,16,4.53,80,0,0,3.6,360,0.4,68
150,360,225,1.44,16,3.6,20,0,0,0,28,0.5,50.4
150,354.53,230.45,1.86,25,4.82,0,0,0,0,28,0.65,21.9
150,197.5,197.5,1.5,20,4.57,50,0,0,0,7,0.5,18.6842
150,210,224,1.52,19,5.93,30,0,0,0,14,0.75,23.1
100,323,172,1.35,12.5,4.12,0,25,0,0.75,7,0.4,35.65
200,91.51,108,2.7,80,11.69,50,0,0,2.2,28,0.59,22.31
250,147.48,108,3,40,10.02,30,0,0,2.53,28,0.51,27.27
100,480,126,1.83,25,2.83,10,0,10,12,28,0.21,94.4917
150,280,140,1.44,16,5.51,20,0,0,4.2,7,0.4,50.9
100,120,160,2,10,4.5,0,70,0,0,28,0.4,22.94
150,280,295,1.52,19,1.67,61,0,0,0,14,0.41,33.5
100,432,160,1.5,20,4.19,0,0,0,0,28,0.37,46.4
100,300,126,1.83,25,2.83,40,0,10,12,28,0.21,96.8539
100,190,185,1.52,31.5,6.93,0,30,0,4.4,60,0.69,25
100,200,172,2,10,4.5,0,50,0,5.6,1,0.43,3.2
250,151.31,108,2.57,80,14.35,0,0,0,1.82,28,0.71,16.21
150,245,225,1.52,19,5.99,18,0,0,0,180,0.76,36.2
100,318.79,159.4,1.44,31.5,4.26,0,24,0,9.57,28,0.38,50.37
150,210,105,1.44,16,5.76,40,0,0,8.75,3,0.3,48.3
200,128.11,108,2.7,80,11.69,30,0,0,2.2,28,0.59,23.38
100,285,175,1.55,31.5,4.55,9,21,0,6.6,90,0.43,54.9
100,251,190,1.5,25,3.5,50,0,0,2,28,0.38,63.7
100,189,185,1.58,31.5,4.88,30,20,0,3.65,28,0.49,39.2
200,97.27,108,2.57,40,13.32,40,0,0,1.95,28,0.67,18.19
150,175,238,1.52,19,4.11,56,0,0,0,119,0.6,36.1
150,400,160,1.23,16,4.59,0,0,0,4.88,500,0.4,76.1
100,194,162,2,20,6.01,40,0,0,0,1,0.5,5.17454
150,320,188,1.5,20,5.9,0,0,0,1.92,14,0.59,34.8
150,360,135,1.44,16,4.13,20,0,0,14.4,28,0.3,81.8
100,215,173,1.72,31.5,5.05,0,40,0,5.7,14,0.48,22.9
150,400,124,1.86,25,3.57,0,20,0,6,3,0.25,41.9
300,151.31,108,2.57,40,14.35,0,0,0,1.82,28,0.71,16.46
150,245,230,1.52,19,4.91,30,0,0,0,14,0.66,28.3
150,280,263,1.52,19,2.56,50,0,0,0,180,0.47,66.7
150,70,175,1.44,16,5.19,80,0,0,0,3,0.5,12.1
150,450,135,1.23,16,4.13,0,0,0,18.3,7,0.3,73.3
150,360,135,1.44,16,4.13,20,0,0,14.4,90,0.3,90.1
150,400,120,1.23,16,4.86,0,0,0,22.76,7,0.3,53.9
100,200,156,2,10,4.5,0,50,0,0,3,0.39,26.55
150,245,218,1.52,19,7.55,0,0,0,0,63,0.89,23
100,327,190,1.5,25,3.5,15,15,5,2,28,0.38,62.85
150,140,140,1.44,16,5.47,60,0,0,1.75,7,0.4,46.9
100,325,170,1.64,31.5,4.45,10,10,0,8.1,14,0.42,45.8
250,126.41,108,3,80,10.02,40,0,0,2.53,28,0.51,25.49
100,450,198,2.11,31.5,3.83,0,0,0,0,7,0.44,35.973
150,197.5,197.5,1.5,20,4.57,20,30,0,0,3,0.5,9.45623
100,400,128,2,10,4.5,0,0,0,0,3,0.32,49.44
100,480,144,1.83,25,2.83,10,0,10,12,56,0.24,101.111
150,360,188,1.63,20,4.52,0,0,10,2,28,0.47,66.4
250,105.34,108,3,80,10.02,50,0,0,2.53,28,0.51,25.06
100,308.93,185.41,1.22,31.5,6.04,0,0,0,7.72,7,0.6,33.34
150,175,215,1.52,19,8.86,18,0,0,0,7,1.01,12.7
150,280,247,1.52,19,3.24,42,0,0,0,63,0.51,54.5
150,320,120,1.44,16,4.85,20,0,0,14,360,0.3,97.1
150,464,162,1.63,20,2.86,0,20,0,0,7,0.28,61.5
150,315,105,1.23,16,5.78,0,0,10,28.5,7,0.3,64.4
150,320,120,1.23,16,4.86,0,0,20,22.76,3,0.3,49.5
100,200,186,1.43,31.5,7.62,10,10,0,4.1,7,0.74,12.2
150,90,225,1.44,16,3.53,80,0,0,0,7,0.5,17.5
250,128.11,108,2.7,40,11.69,30,0,0,2.2,28,0.59,22.81
150,340,120,1.23,16,4.86,0,0,15,22.76,3,0.3,51.8
150,175,215,1.52,19,8.86,18,0,0,0,63,1.01,19.3
150,405,225,1.23,16,3.6,0,0,10,2.2,3,0.5,30.8
150,405,270,1.23,16,3.34,0,0,10,1.1,500,0.6,45.9
150,210,219,1.52,19,7.2,18,0,0,0,180,0.86,28.9
300,91.51,108,2.7,80,11.69,50,0,0,2.2,28,0.59,19.29
100,438.03,164.85,1.33,25,3.8,0,0,7,5.181,180,0.35,88.7
250,109.81,108,2.7,80,11.69,40,0,0,2.2,28,0.59,21.22
