d/f,shape,aspect ratio,age,w/b,Dmax,ratio of aggregate to binder,CA/FA,Cement strength grade,fly ash,Silicon,BFS,fc
150,1,1,180,0.51,19,3.13,1.52,3,0,0,50,59.7
100,1,1,28,0.77,20,10.47,1.73,6,0,0,0,18.4
200,1,1,28,0.54,20,4.24,1.5,3,0,0,0,30
200,2,2,28,0.23,16,3.17,1.25,1,0,0,0,50.3704
100,1,1,28,0.59,40,12,3,3,0,0,30,26.36
200,1,1,28,0.67,80,13,3,3,0,0,50,16.81
150,1,1,3,0.3,16,4.13,1.44,3,0,0,20,58
100,1,1,28,0.28,20,3.18,3.14,6,0,0,0,71.2
100,2,4,28,0.37,25,3.74,1.35,3,0,0,50,57.1
150,2,2,28,0.4,31.5,3.79,2.34,3,0,0,0,38.5
100,1,1,3,0.21,25,2.83,1.83,5,40,10,0,69.8876
100,2,2,56,0.5,20,4.24,1.87,1,0,5,0,54.2
100,1,1,56,0.21,25,2.83,1.83,5,10,10,0,108.014
100,3,2,28,0.48,25,4.57,1.77,1,0,0,0,33.8
100,1,1,56,0.5,20,4.17,1.97,1,25,0,0,49.1
100,2,4,28,0.27,25,2.53,1.59,3,0,0,0,71.4
200,2,2,28,0.28,13,2.77,1.36,3,0,11,0,59.65
100,3,2,28,0.4,19,4.14,0.22,4,10,0,0,50.3
100,2,3,28,0.19,30,2.79,1.5,3,0,10,0,49.19
70,1,1,28,0.38,16,3.83,2.45,1,0,0,0,30.89
150,1,1,7,0.87,19,7.36,1.52,3,0,0,30,16.4
100,1,1,7,0.3,20,3.6,1.94,3,0,40,0,66.77
100,1,1,7,0.6,31.5,6.04,1.22,3,0,0,0,33.34
100,2,2,28,0.5,20,4.11,2.05,1,40,5,0,33.2
100,1,1,28,0.4,12.5,4.21,1.28,5,0,0,0,63.49
100,2,2,1,0.38,19,4.16,1.5,1,55,0,0,6.9
100,1,1,56,0.4,20,4.55,1.75,1,20,5,0,69.9
150,1,1,63,0.68,19,5.08,1.52,3,0,0,18,35.2
100,3,2,356,0.55,19,5,0.26,4,0,0,0,46.5
150,1,1,3,0.5,16,4.3,1.44,3,0,0,40,17.4
100,1,1,56,0.3,20,3.6,1.94,3,0,50,0,82.47
150,1,1,28,0.32,20,3.27,1.5,3,11,0,18,59.0865
150,1,1,7,0.5,20,4.57,1.5,3,0,0,50,18.6842
150,1,1,119,0.68,19,5.08,1.52,3,0,0,18,37.8
100,1,1,56,0.5,20,4.1,2.06,1,45,0,0,47
100,1,1,7,0.28,20,3.17,1.35,6,0,0,0,68.931
100,1,1,90,0.3,10,3.48,1.66,1,40,5,0,83.4
100,1,1,90,0.4,20,4.55,1.75,1,20,5,0,72.4
150,1,1,28,0.5,16,5.19,1.44,3,0,0,80,29.9
150,2,2,28,0.6,25,4.95,1.86,2,0,0,0,20.81
150,1,1,28,0.59,40,12,3,3,0,0,40,25.26
150,1,1,7,1.01,19,8.86,1.52,3,0,0,18,12.7
100,2,4,1,0.42,25,4.36,1.24,3,0,0,50,2.4
150,1,1,63,0.43,19,2.06,1.52,3,0,0,56,54.9
100,1,1,180,0.5,20,4.17,1.97,1,25,0,0,57.9
100,1,1,28,0.53,20,7.45,3.54,6,0,0,0,34.1916
100,1,1,7,0.27,25,2.83,1.83,5,0,10,10,81.3475
100,1,1,28,0.5,31.5,3.83,2.11,1,70,0,0,12.417
100,1,1,1,0.77,20,10.47,0.91,6,0,0,0,7.47332
150,1,1,90,0.3,16,4.88,1.44,3,0,0,0,85.2
150,1,1,3,0.4,16,5.54,1.44,3,0,0,0,45.9
200,1,1,28,0.59,40,12,3,3,0,0,60,23.32
150,1,1,90,0.4,16,3.82,1.44,3,0,0,60,73.4
150,1,1,28,0.86,19,7.2,1.52,3,0,0,18,23.6
150,1,1,28,0.59,19,4.15,1.52,3,0,0,30,41.8
150,1,1,7,0.66,19,4.91,1.52,3,0,0,30,25.6
150,1,1,14,0.47,19,2.56,1.52,3,0,0,56,32.4
100,3,2,3,0.55,19,4.08,0.87,1,60,0,0,5.9
100,2,2,28,0.4,20,4.45,1.86,1,55,0,0,32.4
100,1,1,7,0.29,20,4.62,4.3,6,0,0,0,70.4455
100,1,1,28,0.3,10,3.54,1.58,1,20,5,0,78.5
100,3,2,7,0.55,19,5,0.26,4,0,0,0,26.6
100,1,1,56,0.3,20,3.6,1.94,3,0,0,0,74.12
100,1,1,1,0.53,20,7.45,3.54,6,0,0,0,19.3413
100,1,1,1,0.39,20,4.73,2.35,6,0,0,0,24.7
150,1,1,7,0.4,16,4.53,1.44,3,0,0,80,38.6
100,1,1,3,0.5,20,4.17,1.96,1,20,5,0,20.1
100,3,2,21,0.55,19,4.13,0.85,1,75,0,0,5.5
50,3,2,28,0.28,13,2.77,1.36,3,0,11,0,91.52
100,3,2,28,0.5,19,3.92,0.8,1,60,0,0,16.8
100,3,2,3,0.4,19,4.1,0.22,4,20,0,0,29.4
100,2,4,90,0.42,25,4.39,1.24,3,0,0,0,50.8
100,2,2,56,0.5,20,4.1,2.06,1,45,0,0,37.6
100,3,2,14,0.5,19,3.88,0.8,1,75,0,0,5.4
100,1,1,28,0.29,20,4.62,4.3,6,0,0,0,71.3366
100,2,2,3,0.5,14,4.09,1.38,3,0,0,0,25.8
100,1,1,28,0.5,12.5,4.53,1.05,5,0,0,0,44.69
150,1,1,14,0.43,19,2.06,1.52,3,0,0,56,37
150,1,1,63,0.66,19,4.92,1.52,3,0,0,0,35.9
100,2,4,180,0.32,25,3.12,1.46,3,0,0,50,75.3
150,3,2,28,0.42,25,3.72,1.27,4,0,0,0,43.08
100,1,1,28,0.62,40,12,3,3,0,0,0,26.34
100,3,2,56,0.6,19,4.62,0.85,1,15,0,0,29.3
100,1,1,28,0.39,20,4.73,1.12,6,0,0,0,53.7498
100,3,2,21,0.55,19,4.28,0.81,1,0,0,0,33.7
100,1,1,3,0.3,20,3.6,1.94,3,0,0,0,47.89
100,3,2,180,0.27,19,2.62,0.14,4,20,0,0,81.3
150,1,1,63,0.75,19,5.93,1.52,3,0,0,30,33
100,1,1,3,0.3,10,3.48,1.66,1,40,5,0,30.5
150,1,1,28,0.5,13,5.02,1.16,3,0,0,0,44.57
150,1,1,14,0.47,20,4.52,1.63,3,0,10,0,57.7
150,1,1,90,0.4,16,5.54,1.44,3,0,0,0,71.3
100,2,2,28,0.35,13,3.41,1.26,3,0,0,0,63.65
150,1,1,119,0.8,19,6.44,1.52,3,0,0,0,28.9
150,1,1,28,0.5,20,4.57,1.5,3,10,0,40,35.2387
150,1,1,119,0.51,19,3.24,1.52,3,0,0,42,58.3
200,1,1,28,0.4,31.5,3.79,2.34,3,0,0,0,40.1
100,3,2,3,0.35,19,3.51,0.18,4,10,0,0,39.5
100,1,1,90,0.3,10,3.54,1.59,1,25,0,0,95.4
150,1,1,180,0.66,19,4.91,1.52,3,0,0,30,46.9
100,1,1,28,0.51,40,10,3,3,0,0,50,31.94
100,2,2,56,0.34,19,5.22,1.5,1,55,0,0,55.7
200,1,1,28,0.5,13,5.02,1.16,3,0,0,0,46.2
300,1,1,28,0.67,80,13,3,3,0,0,30,15.5
100,1,1,91,0.77,20,10.47,1.34,6,0,0,0,23.6331
100,1,1,180,0.46,25,4.74,1.43,5,29,0,0,51.2
150,1,1,14,0.5,20,4.57,1.5,3,0,0,0,31.84
150,1,1,28,0.28,13,2.77,1.36,3,0,11,0,75.8
100,2,4,28,0.27,25,2.51,1.59,3,0,0,30,72.6
150,1,1,63,0.44,19,2.1,1.52,3,0,0,61,43.5
150,1,1,3,0.5,16,3.53,1.44,3,0,0,80,9
100,2,2,3,0.39,19,5.16,1.5,1,55,0,0,15.1
100,1,1,7,0.27,25,2.83,1.83,5,10,10,0,77.6596
150,1,1,3,0.4,16,5.46,1.44,3,0,0,80,18.9
100,2,2,28,0.67,13,6.75,1.07,3,0,0,0,28.73
250,1,1,28,0.71,40,14,3,3,0,0,0,17.24
100,1,1,7,0.28,20,3.31,2.69,6,0,0,0,60.6436
100,1,1,3,0.4,12.5,4.21,1.28,5,0,0,0,37.6
100,1,1,3,0.3,20,3.6,1.94,3,0,50,0,60.61
150,1,1,28,0.37,20,4.19,1.5,3,0,0,0,42.95
150,1,1,365,1.01,19,8.86,1.52,3,0,0,18,21.4
100,3,2,21,0.5,19,3.88,0.8,1,75,0,0,6.4
150,1,1,28,0.54,20,4.24,1.5,3,0,0,0,32
150,1,1,365,0.64,19,4.73,1.52,3,0,0,42,47.9
150,1,1,28,0.76,19,5.99,1.52,3,0,0,18,29
100,2,2,28,0.5,14,4.28,1.08,3,0,0,0,31.9
100,1,1,14,0.3,20,3.6,1.94,3,0,50,0,78.74
100,1,1,28,0.17,20,3.17,1.5,3,0,15,0,70.47
150,1,1,90,0.4,16,3.89,1.44,3,0,0,0,71
100,3,2,7,0.6,19,4.75,0.81,1,0,0,0,26.3
100,1,1,90,0.3,20,3.6,1.94,3,0,30,0,85.79
100,1,1,28,0.27,25,2.83,1.83,5,30,10,0,93.2328
150,2,2,28,0.5,13,5.02,1.16,3,0,0,0,37.03
100,3,2,28,0.6,19,5.31,0.28,4,0,0,0,32.9
150,1,1,3,0.3,16,5.76,1.44,3,0,0,40,48.3
100,1,1,7,0.24,25,2.83,1.83,5,0,10,20,83.5106
100,1,1,28,0.27,25,2.83,1.83,5,0,10,10,91.2766
150,1,1,7,0.5,16,3.53,1.44,3,0,0,80,17.5
100,3,2,28,0.5,19,4,0.77,1,30,0,0,32.5
100,2,4,1,0.27,25,2.53,1.59,3,0,0,0,31.1
100,1,1,1,0.39,20,4.73,1.73,6,0,0,0,28.5625
100,2,4,90,0.42,25,4.36,1.24,3,0,0,50,52.3
100,1,1,56,0.3,10,3.44,1.71,1,55,0,0,66.6
100,2,4,365,0.36,20,3.33,0.54,4,0,0,0,54.27
100,2,3,28,0.58,30,7.15,1.5,3,0,0,0,19.8
250,1,1,28,0.62,40,12,3,3,0,0,0,22.65
100,3,2,28,0.37,19,3.37,1.01,1,0,0,0,61.3
150,1,1,7,0.3,16,5.71,1.44,3,0,0,80,45.8
100,2,2,91,0.43,19,4.16,1.5,1,0,0,0,57.7
100,3,2,1,0.5,19,4,0.75,1,15,0,0,15.6
150,1,1,63,0.57,19,3.88,1.52,3,0,0,42,47.7
100,3,2,56,0.5,19,3.92,0.8,1,60,0,0,17.2
200,3,2,28,0.5,13,5.02,1.16,3,0,0,0,45.1
150,1,1,3,0.5,16,5.21,1.44,3,0,0,60,16.8
100,1,1,28,0.24,25,2.83,1.83,5,0,10,10,93.0733
100,3,2,56,0.55,19,4.23,0.82,1,15,0,0,35.7
100,1,1,3,0.27,25,2.83,1.83,5,0,10,40,76.9663
100,3,2,90,0.32,19,3.14,0.17,4,20,0,0,66.1
100,3,2,7,0.55,19,4.13,0.85,1,75,0,0,3.4
100,3,2,356,0.4,19,4.14,0.22,4,10,0,0,66.5
100,3,2,90,0.55,19,4.95,0.26,4,10,0,0,45.8
150,1,1,28,0.67,13,6.75,1.07,3,0,0,0,33.47
150,1,1,7,0.28,20,2.86,1.63,3,20,10,0,64.7
150,1,1,3,0.5,20,4.57,1.5,3,0,0,0,18.69
100,2,4,180,0.42,25,4.37,1.24,3,0,0,30,53.1
200,3,2,28,0.67,13,6.75,1.07,3,0,0,0,24.8
150,1,1,14,0.74,19,5.93,1.52,3,0,0,42,20.2
100,1,1,14,0.44,31.5,3.83,2.11,1,70,0,0,10.064
100,1,1,3,0.28,20,3.18,3.14,6,0,0,0,57.1
100,1,1,28,0.36,12.5,3.75,1.35,5,0,0,0,69.73
150,1,1,14,0.5,20,4.57,1.5,3,30,0,20,30.9947
100,2,2,28,0.3,10,3.54,1.58,1,20,5,0,84.2
200,1,1,28,0.17,20,3.17,1.5,3,0,15,0,60.18
100,1,1,28,0.4,20,4.48,1.82,1,45,0,0,43.9
150,1,1,28,0.4,16,3.87,1.44,3,0,0,20,73.5
150,1,1,28,0.38,16,3.83,2.45,1,0,0,0,25.03
100,1,1,28,0.27,25,2.83,1.83,5,0,10,30,92.0688
100,1,1,7,0.27,25,2.83,1.83,5,0,10,40,79.8876
100,1,1,7,0.38,31.5,4.26,1.44,3,24,0,0,47.48
350,2,2,90,0.45,20,4.05,1.35,3,16,0,0,36.09
150,1,1,28,0.51,40,10,3,3,0,0,30,30.73
100,3,2,90,0.4,19,4.05,0.21,4,30,0,0,53.5
100,2,2,1,0.43,19,1.94,1.5,1,0,0,0,26.8
100,1,1,360,0.46,25,4.74,1.43,3,21,0,8,64
100,3,2,90,0.32,19,3.23,0.17,4,0,0,0,63.3
100,2,2,91,0.34,19,5.22,1.5,1,55,0,0,60
150,1,1,28,0.59,20,5.9,1.5,3,0,0,0,43.2
100,2,4,7,0.37,25,3.77,1.35,3,0,0,0,42.3
100,1,1,56,0.4,12.5,4.21,1.28,5,0,0,50,58.76
100,1,1,180,0.4,20,3.46,1.68,1,15,0,0,72.1
100,1,1,1,0.28,20,3.18,3.14,6,0,0,0,53.8
100,1,1,3,0.3,10,3.61,1.51,1,0,5,0,58.3
100,1,1,28,0.77,20,10.47,0.91,6,0,0,0,18.6559
100,1,1,3,0.24,25,2.83,1.83,5,0,10,20,81.7021
150,2,2,28,0.19,30,2.79,1.5,3,0,10,0,44.71
100,1,1,90,0.24,10,2.05,1.36,1,25,0,0,124.5
100,1,1,7,0.24,25,2.83,1.83,5,20,10,0,74.1489
150,1,1,63,0.75,19,5.94,1.52,3,0,0,0,29.8
150,1,1,7,0.5,20,4.57,1.5,3,0,0,70,19.6053
150,1,1,360,0.3,16,5.76,1.44,3,0,0,40,91.8
150,1,1,14,0.89,19,7.55,1.52,3,0,0,0,17.9
100,2,4,180,0.37,25,3.75,1.35,3,0,0,30,60.8
50,1,1,28,0.35,13,3.41,1.26,3,0,0,0,80.28
100,3,2,56,0.55,19,4.28,0.81,1,0,0,0,38.4
150,1,1,14,1.02,19,9,1.52,3,0,0,0,13.7
200,2,2,28,0.38,16,3.17,1.25,1,0,0,0,37.6923
100,3,2,28,0.55,25,5.66,1.27,4,0,0,0,29.64
150,1,1,7,0.6,19,4.15,1.52,3,0,0,0,29.1
100,3,2,14,0.55,19,4.23,0.82,1,15,0,0,29.8
100,1,1,28,0.5,20,4.07,2.11,1,55,0,0,24
150,2,2,28,0.55,25,5.09,1.86,2,0,0,0,22.52
100,3,2,28,0.55,19,5,0.26,4,0,0,0,36.1
150,1,1,365,0.6,19,4.11,1.52,3,0,0,56,40.9
100,1,1,7,0.21,25,2.83,1.83,5,0,10,10,84.8463
100,1,1,180,0.3,10,3.54,1.58,1,20,5,0,95.9
200,1,1,28,0.59,40,12,3,3,0,0,50,23.78
100,3,2,7,0.32,19,3.1,0.16,4,30,0,0,36.5
100,3,2,180,0.6,19,5.22,0.27,4,20,0,0,41.6
100,1,1,1,0.28,20,3.17,1.35,6,0,0,0,50.5172
150,2,2,28,0.38,16,3.17,1.25,1,0,0,0,37.9772
150,1,1,28,0.3,16,5.71,1.44,3,0,0,80,62.7
250,1,1,28,0.59,40,12,3,3,0,0,30,22.81
150,1,1,28,0.51,19,3.24,1.52,3,0,0,42,47.5
100,1,1,28,0.52,40,10,3,3,0,0,0,32.38
150,1,1,28,0.4,16,5.46,1.44,3,0,0,80,50.4
100,3,2,3,0.5,19,4,0.75,1,15,0,0,24.8
100,3,2,1,0.6,19,4.62,0.85,1,15,0,0,8.8
150,1,1,14,0.41,19,1.67,1.52,3,0,0,61,33.5
150,1,1,7,0.41,19,1.67,1.52,3,0,0,61,30.2
100,2,4,7,0.37,25,3.75,1.35,3,0,0,30,39.2
150,1,1,28,0.87,19,7.36,1.52,3,0,0,30,23.5
100,1,1,180,0.46,25,4.74,1.43,5,21,0,8,53.6
150,1,1,360,0.4,16,5.5,1.44,3,0,0,40,78.2
150,1,1,28,0.65,20,7.44,1.69,2,0,0,0,18.21
100,3,2,3,0.32,19,3.18,0.17,4,10,0,0,43.4
100,2,4,90,0.32,25,3.13,1.46,3,0,0,30,74.5
150,1,1,28,0.3,16,4.13,1.44,3,0,0,20,81.8
150,1,1,360,0.5,16,3.53,1.44,3,0,0,80,39.6
100,1,1,7,0.24,10,2.05,1.36,1,25,0,0,74.6
150,1,1,3,0.5,20,4.57,1.5,3,10,0,40,7.01592
100,3,2,3,0.55,19,4.21,0.82,1,30,0,0,18.7
200,2,2,28,0.18,16,2.92,1.22,1,0,9,0,69.3162
100,2,6,7,0.4,20,4.73,1.34,4,0,0,0,46.6
150,1,1,90,0.5,16,4.28,1.44,3,0,0,60,49.6
100,3,2,356,0.4,19,4.18,0.22,4,0,0,0,61.9
150,1,1,7,0.5,16,4.33,1.44,3,0,0,20,34.2
100,1,1,28,0.21,25,2.83,1.83,5,0,10,20,104.468
100,1,1,3,0.4,20,4.48,1.82,1,40,5,0,14.5
200,1,1,28,0.23,16,3.17,1.25,1,0,0,0,63.0495
100,1,1,28,0.28,20,3.16,2.22,6,0,0,0,76.3793
100,3,2,1,0.6,19,4.61,0.86,1,45,0,0,3.1
150,1,1,360,0.5,16,3.6,1.44,3,0,0,20,66.7
100,1,1,56,0.3,10,3.47,1.67,1,45,0,0,85.4
150,1,1,7,0.66,19,4.9,1.52,3,0,0,50,19.1
100,2,3,90,0.3,20,3.6,1.94,3,0,50,0,64.1
200,1,1,28,0.51,80,10,3,3,0,0,30,28.18
100,3,2,356,0.55,19,4.91,0.26,4,20,0,0,52.1
100,2,2,56,0.5,20,4.17,1.96,1,20,5,0,53.1
100,1,1,90,0.4,20,3.46,1.68,1,15,0,0,68.5
150,2,2,28,0.18,16,2.92,1.22,1,0,9,0,72.10025372
100,1,1,7,0.21,25,2.83,1.83,5,0,10,20,84.3617
150,1,1,28,0.41,20,4.15,1.5,3,13,0,9,56.0973
100,3,2,28,0.4,25,3.68,1.94,1,0,0,0,45.7
100,1,1,28,0.3,10,6.03,1.5,1,0,0,0,86.8
150,2,2,28,0.41,25,3.57,2.23,2,0,0,0,35.5
150,3,2,28,0.62,25,6.51,1.27,4,0,0,0,23.91
150,2,2,28,0.37,30,4.19,1.5,3,0,0,0,35.46
150,1,1,3,0.5,16,3.6,1.44,3,0,0,20,21.3
100,2,2,28,0.5,14,4.28,1.08,3,0,0,0,33.1
100,3,2,7,0.4,19,4.14,0.22,4,10,0,0,42.1
100,1,1,7,0.21,25,2.83,1.83,5,30,10,0,74.6773
100,2,2,1,0.34,19,4.95,1.5,1,55,0,0,13.9
100,2,4,90,0.42,25,4.37,1.24,3,0,0,30,51.7
150,1,1,180,1.19,19,11.05,1.52,3,0,0,0,14.5
150,1,1,365,0.47,19,2.56,1.52,3,0,0,56,60.2
150,1,1,7,0.68,19,5.08,1.52,3,0,0,18,24
100,1,1,7,0.77,20,10.47,1.73,6,0,0,0,17
100,3,2,28,0.28,13,2.77,1.36,3,0,11,0,80.1
100,3,2,7,0.5,19,4,0.75,1,15,0,0,27.6
450,1,1,90,0.45,20,4.05,1.35,3,16,0,0,43.53
100,3,2,28,0.44,25,4.12,1.84,1,0,0,0,40.2
150,1,1,3,0.3,16,5.8,1.44,3,0,0,0,61
150,1,1,28,0.35,20,4.66,1.66,3,8,0,15,61.8
150,1,1,28,0.4,16,4.56,1.44,3,0,0,40,66.9
150,1,1,7,0.76,19,5.99,1.52,3,0,0,18,20.8
100,1,1,90,0.26,31.5,3.49,1.63,3,35,0,0,66.56
75,1,1,28,0.18,16,2.92,1.22,1,0,9,0,62.3734
150,1,1,14,0.88,19,7.37,1.52,3,0,0,0,17.6
100,3,2,28,0.6,19,5.17,0.27,4,30,0,0,25
100,1,1,7,0.4,20,4.55,1.75,1,20,5,0,42.1
100,1,1,28,0.24,25,2.83,1.83,5,30,10,0,95.2436
150,1,1,90,0.4,16,4.55,1.44,3,0,0,60,75.1
100,3,2,14,0.6,19,4.51,0.89,1,60,0,0,7.9
100,1,1,56,0.27,25,2.83,1.83,5,0,10,10,98.5579
100,2,2,3,0.4,14,3.1,1.57,3,0,0,0,29.1
150,1,1,28,0.66,19,4.9,1.52,3,0,0,50,27.8
100,1,1,28,0.23,31.5,2.9,1.88,3,43,0,0,48.78
100,2,2,3,0.34,19,4.95,1.5,1,55,0,0,30.1
100,1,1,28,0.46,20,5.84,2.57,6,0,0,0,42.5749
100,3,2,7,0.27,19,2.71,0.14,4,0,0,0,61.2
100,2,2,1,0.34,19,5.22,1.5,1,55,0,0,10.3
100,1,1,28,0.14,1.25,1.63,6,3,0,18.5,0,91.76
100,1,1,90,0.38,31.5,4.26,1.44,3,24,0,0,57.12
100,3,2,356,0.35,19,3.42,0.18,4,30,0,0,73.9
100,3,2,7,0.6,19,4.61,0.86,1,45,0,0,9.1
100,1,1,28,0.28,20,3.31,2.69,6,0,0,0,65.099
150,1,1,7,0.59,19,4.15,1.52,3,0,0,30,29.8
100,2,2,28,0.4,20,3.27,2.09,3,0,0,0,40.5
150,1,1,365,0.75,19,5.94,1.52,3,0,0,0,33.1
100,2,2,56,0.43,19,4.16,1.5,1,0,0,0,54.2
100,1,1,3,0.27,25,2.83,1.83,5,10,10,0,71.8913
100,1,1,7,0.77,20,10.47,2.02,6,0,0,0,17.6288
100,2,2,28,0.4,14,3.1,1.57,3,0,0,0,36.4
100,1,1,7,0.3,31.5,4.26,1.44,3,24,0,0,47.46
100,1,1,28,0.19,10,2.79,1.48,1,0,0,0,96.8
100,1,1,7,0.44,31.5,3.83,2.11,1,70,0,0,7.967
100,1,1,28,0.51,40,10,3,3,0,0,40,32.12
100,1,1,90,0.3,20,3.6,1.94,3,0,40,0,81.32
150,1,1,119,0.52,19,3.2,1.52,3,0,0,56,45.3
100,2,2,3,0.4,20,3.31,1.32,3,0,0,0,32.1
150,2,2,28,0.71,25,7.72,1.27,3,0,0,0,17.2
150,1,1,3,0.5,20,4.57,1.5,3,0,0,30,13.1579
100,1,1,91,0.46,20,5.84,2.57,6,0,0,0,48.5629
100,1,1,7,0.26,31.5,3.49,1.63,3,35,0,0,44.47
100,1,1,90,0.46,25,4.74,1.43,5,29,0,0,50.3
100,3,2,21,0.6,19,4.75,0.81,1,0,0,0,29
200,2,2,28,0.19,30,2.79,1.5,3,0,10,0,40.2
150,1,1,3,0.3,16,4.81,1.44,3,0,0,60,32.3
300,1,1,28,0.67,40,13,3,3,0,0,50,16.31
150,1,1,3,0.5,20,4.57,1.5,3,20,0,30,8.60743
150,1,1,7,0.75,19,5.94,1.52,3,0,0,0,19.9
100,1,1,7,0.24,25,2.83,1.83,5,40,10,0,69.7753
100,1,1,7,0.27,25,2.83,1.83,5,0,10,30,80.603
100,3,2,3,0.5,19,3.92,0.8,1,60,0,0,7.2
150,1,1,119,0.64,19,4.73,1.52,3,0,0,42,43.4
100,2,4,1,0.32,25,3.15,1.46,3,0,0,0,30.4
100,1,1,90,0.4,20,4.54,1.75,1,25,0,0,66.2
100,3,2,56,0.55,19,4.13,0.85,1,75,0,0,7.9
200,1,1,28,0.51,80,10,3,3,0,0,60,26.56
150,1,1,7,0.52,19,3.2,1.52,3,0,0,56,24.1
100,1,1,56,0.36,12.5,3.66,1.43,5,25,0,0,66.46
100,2,2,3,0.6,20,5.95,1.03,3,0,0,0,18.5
450,2,2,90,0.45,20,4.05,1.35,3,16,0,0,34.68
150,1,1,360,0.5,16,4.26,1.44,3,0,0,80,34.3
100,2,2,28,0.3,10,3.47,1.67,1,45,0,0,64
100,2,2,56,0.4,20,4.54,1.75,1,25,0,0,53.6
100,3,2,3,0.32,19,3.23,0.17,4,0,0,0,45.9
100,1,1,3,0.5,20,3.4,1.86,1,0,0,0,26.1
100,3,2,90,0.27,19,2.67,0.14,4,10,0,0,75.4
100,2,2,28,0.7,14,6.61,0.77,3,0,0,0,18.4
100,1,1,7,0.36,12.5,3.75,1.35,5,0,0,50,38.06
100,1,1,56,0.4,20,3.5,1.63,1,0,0,0,67.1
150,1,1,360,0.4,16,5.47,1.44,3,0,0,60,79.1
150,1,1,3,0.5,16,3.62,1.44,3,0,0,0,25.8
250,1,1,28,0.51,40,10,3,3,0,0,30,27.27
100,3,2,180,0.35,19,3.47,0.18,4,20,0,0,71.4
100,3,2,28,0.35,19,3.42,0.18,4,30,0,0,51.8
100,3,2,14,0.6,19,4.62,0.85,1,15,0,0,24.9
100,1,1,7,0.5,20,4.17,1.96,1,20,5,0,30.6
100,3,2,7,0.55,19,4.21,0.82,1,30,0,0,20.7
150,1,1,7,0.5,16,3.58,1.44,3,0,0,40,28.3
100,1,1,56,0.24,25,2.83,1.83,5,40,10,0,98.6517
100,1,1,7,0.4,20,4.61,1.68,1,0,5,0,53
150,1,1,28,0.55,20,6.26,1.7,2,0,0,0,24.94
150,1,1,180,0.75,19,5.94,1.52,3,0,0,0,33.1
100,1,1,7,0.4,12.5,4.21,1.28,5,0,0,50,37.07
100,1,1,180,0.3,10,3.48,1.66,1,40,5,0,88.3
100,3,2,28,0.55,19,4.08,0.87,1,60,0,0,13.1
100,1,1,90,0.5,20,4.07,2.11,1,55,0,0,41.4
100,1,1,7,0.23,31.5,2.9,1.88,3,43,0,0,39.14
100,2,3,90,0.3,20,3.6,1.94,3,0,40,0,56.6
100,2,4,180,0.27,25,2.5,1.59,3,0,0,50,89.6
100,2,2,91,0.37,19,4.67,1.5,1,55,0,0,65.2
150,1,1,90,0.3,20,3.6,1.94,3,0,40,0,67.9
100,1,1,3,0.77,20,10.47,1.34,6,0,0,0,11.1561
100,2,2,3,0.4,14,3.41,0.93,3,0,0,0,32.7
100,1,1,1,0.46,20,5.84,2.57,6,0,0,0,16.2275
150,1,1,3,0.59,20,5.9,1.5,3,0,10,0,29.4
150,1,1,7,0.51,19,3.13,1.52,3,0,0,50,30.1
150,1,1,14,0.5,20,4.57,1.5,3,0,0,30,35.7895
100,3,2,14,0.6,19,4.61,0.86,1,45,0,0,10.7
350,3,2,90,0.45,20,4.05,1.35,3,16,0,0,35.85
100,2,2,56,0.5,20,4.11,2.05,1,40,5,0,37.4
100,2,2,28,0.3,10,3.61,1.51,1,0,5,0,87.7
100,2,2,28,0.5,25,4.86,1.27,3,0,0,0,35.87
100,1,1,7,0.28,20,3.16,4.12,6,0,0,0,62.3103
150,1,1,7,0.4,16,3.84,1.44,3,0,0,40,56.3
100,1,1,28,0.67,40,13,3,3,0,0,50,19.12
150,1,1,7,0.86,19,7.2,1.52,3,0,0,18,16.7
150,1,1,28,0.5,20,4.57,1.5,3,0,0,30,45.3947
150,3,2,90,0.45,20,4.05,1.35,3,16,0,0,39.52
150,2,2,28,0.54,20,4.24,1.5,3,0,0,0,24.28
100,3,2,7,0.55,19,4.91,0.26,4,20,0,0,22.6
100,1,1,28,0.75,20,7.66,1.78,3,0,0,0,13.5
100,1,1,28,0.51,20,3.28,1,6,0,0,0,59.5808
150,1,1,28,0.5,20,4.57,1.5,3,30,0,20,39.8011
100,1,1,56,0.24,25,2.83,1.83,5,0,10,30,102.489
100,3,2,28,0.5,19,4,0.75,1,15,0,0,36.8
150,1,1,90,0.3,16,4.09,1.44,3,0,0,60,92.5
100,2,4,3,0.37,25,3.77,1.35,3,0,0,0,36.1
150,1,1,3,0.5,20,4.57,1.5,3,0,0,70,6.05263
150,1,1,90,0.4,16,5.47,1.44,3,0,0,60,74
100,3,2,56,0.55,19,4.13,0.85,1,45,0,0,21.5
150,1,1,28,0.4,16,5.5,1.44,3,0,0,40,67.2
150,1,1,180,1.02,19,9,1.52,3,0,0,0,19.8
100,2,2,56,0.4,20,4.55,1.75,1,20,5,0,61.7
50,1,1,28,0.14,1.25,1.63,6,3,0,18.5,0,101.475
100,1,1,120,0.46,25,4.74,1.43,3,29,0,0,43
150,1,1,360,0.5,16,4.3,1.44,3,0,0,40,65.2
100,1,1,28,0.52,20,4.88,1.78,3,0,0,0,46.11
250,1,1,215,0.45,20,4.05,1.35,3,16,0,0,56.97
150,1,1,28,0.5,16,3.56,1.44,3,0,0,60,39.5
100,1,1,28,0.58,20,7.15,1.5,3,0,0,0,23.66
100,1,1,7,0.77,20,10.47,0.91,6,0,0,0,14.7292
100,2,2,56,0.4,20,3.5,1.63,1,0,0,0,58.6
100,3,2,356,0.27,19,2.62,0.14,4,20,0,0,85.2
100,1,1,3,0.28,20,3.16,4.12,6,0,0,0,59.6207
100,2,4,90,0.27,25,2.51,1.59,3,0,0,30,83.9
100,1,1,28,0.27,20,3.69,1.91,3,6,7,19,90.8
150,1,1,3,0.4,16,3.89,1.44,3,0,0,0,53
100,3,2,3,0.5,19,4.06,0.74,1,0,0,0,26.9
100,3,2,3,0.4,19,4.05,0.21,4,30,0,0,24.2
150,1,1,90,0.4,16,4.56,1.44,3,0,0,40,77.9
100,2,2,7,0.38,19,4.11,1.5,1,55,0,0,18
100,2,2,28,0.18,16,2.92,1.22,1,0,9,0,75.8689
150,1,1,7,0.3,16,4.07,1.44,3,0,0,80,50.2
100,2,2,7,0.43,19,4.16,1.5,1,0,0,0,39.5
150,1,1,28,0.52,40,10,3,3,0,0,0,30.71
100,1,1,28,0.54,20,5.52,1.86,3,0,0,0,35.7
100,1,1,7,0.4,12.5,4.12,1.35,5,25,0,0,35.65
150,2,2,28,0.65,25,4.82,1.86,2,0,0,0,15.48
150,1,1,360,0.3,16,5.79,1.44,3,0,0,20,86.9
100,1,1,180,0.3,10,5.95,1.55,1,15,0,0,106.3
150,1,1,28,0.23,20,3.35,1.91,3,10,7,18,85.5
100,2,2,56,0.4,20,4.48,1.82,1,45,0,0,42.1
150,1,1,7,0.59,20,5.9,1.5,3,0,0,0,33
100,1,1,28,0.27,25,2.83,1.83,5,0,10,40,91.7978
100,1,1,7,0.5,20,4.11,2.05,1,40,5,0,16.8
100,1,1,3,0.24,10,3.63,1.36,1,25,0,0,62.3
150,1,1,119,0.55,19,3.49,1.52,3,0,0,61,33.7
100,3,2,3,0.55,19,4.13,0.85,1,45,0,0,11.4
100,3,2,28,0.27,19,2.62,0.14,4,20,0,0,65
100,3,2,28,0.52,25,5.01,1.72,1,0,0,0,34.7
100,1,1,91,0.28,20,3.16,2.22,6,0,0,0,86.5172
150,1,1,28,0.4,16,3.84,1.44,3,0,0,40,66.4
150,1,1,63,0.89,19,7.55,1.52,3,0,0,0,23
100,1,1,90,0.32,31.5,3.49,1.63,3,35,0,0,67.05
150,1,1,28,1.01,19,8.86,1.52,3,0,0,18,18.1
100,3,2,56,0.5,19,4.06,0.74,1,0,0,0,44.9
200,1,1,28,0.67,40,13,3,3,0,0,40,18.19
150,1,1,28,0.3,16,5.8,1.44,3,0,0,0,75.8
150,1,1,90,0.5,16,5.27,1.44,3,0,0,0,61.5
100,1,1,180,0.5,20,4.07,2.11,1,55,0,0,48.3
100,2,4,7,0.32,25,3.12,1.46,3,0,0,50,54.9
150,1,1,180,0.64,19,4.73,1.52,3,0,0,42,47.9
100,1,1,1,0.77,20,10.47,1.34,6,0,0,0,7.25048
150,3,2,28,0.77,25,8.46,1.27,4,0,0,0,15.02
150,3,2,28,0.71,25,7.72,1.27,4,0,0,0,17.19
100,1,1,28,0.23,20,3.35,1.91,3,10,7,18,95.1
150,1,1,180,0.52,19,3.2,1.52,3,0,0,56,50.7
250,1,1,28,0.62,80,12,3,3,0,0,0,21.21
150,1,1,90,0.3,16,5.79,1.44,3,0,0,20,86.8
50,3,2,28,0.67,13,6.75,1.07,3,0,0,0,28.2
100,2,2,28,0.47,25,4.27,1.27,3,0,0,0,38
100,1,1,28,0.23,10,2.48,1.44,1,45,0,0,89.4
100,1,1,3,0.27,25,2.83,1.83,5,0,10,20,80.6383
100,1,1,7,0.5,20,4.17,1.97,1,25,0,0,26.2
100,1,1,56,0.24,25,2.83,1.83,5,30,10,0,103.018
100,1,1,90,0.4,20,3.5,1.63,1,0,0,0,70.5
100,2,4,180,0.32,25,3.15,1.46,3,0,0,0,73.8
150,3,2,28,0.47,25,4.27,1.27,4,0,0,0,36.56
100,1,1,90,0.5,20,3.4,1.86,1,0,0,0,58.1
250,1,1,28,0.51,40,10,3,3,0,0,60,26.91
100,3,2,356,0.32,19,3.1,0.16,4,30,0,0,72.8
200,1,1,28,0.52,80,10,3,3,0,0,0,27.97
150,1,1,119,0.41,19,1.67,1.52,3,0,0,61,55.2
100,2,2,3,0.5,14,4.28,1.08,3,0,0,0,22
200,2,2,28,0.4,31.5,3.79,2.34,3,0,0,0,36.5
100,3,2,28,0.42,19,3.97,1.01,1,0,0,0,56.2
50,3,2,28,0.35,13,3.41,1.26,3,0,0,0,72.85
100,1,1,28,0.29,31.5,2.9,1.88,3,43,0,0,54.67
100,3,2,180,0.4,19,4.05,0.21,4,30,0,0,57.6
100,3,2,90,0.35,19,3.42,0.18,4,30,0,0,59.5
200,2,8,365,0.36,20,3.33,0.54,4,0,0,0,33.16
100,1,1,3,0.24,25,2.83,1.83,5,0,10,40,73.4831
150,1,1,90,0.4,16,5.46,1.44,3,0,0,80,58.9
100,2,2,28,0.4,14,2.96,0.98,3,0,0,0,42
150,1,1,63,0.6,19,4.11,1.52,3,0,0,56,32.9
100,1,1,3,0.3,20,3.6,1.94,3,0,40,0,61.12
100,2,2,28,0.4,20,4.55,1.75,1,20,5,0,56.2
150,1,1,180,0.86,19,7.2,1.52,3,0,0,18,28.9
150,1,1,3,0.4,16,5.5,1.44,3,0,0,40,31.9
150,1,1,119,0.44,19,2.1,1.52,3,0,0,61,49
100,2,4,180,0.27,25,2.53,1.59,3,0,0,0,85.3
100,1,1,28,0.6,31.5,6.04,1.22,3,0,0,0,37.81
100,1,1,28,0.5,20,4.24,1.87,1,0,5,0,57.3
100,3,2,28,0.4,19,4.18,0.22,4,0,0,0,49.7
150,2,1.33,28,0.23,16,3.17,1.25,1,0,0,0,58.03298357
100,2,2,28,0.3,10,5.95,1.55,1,15,0,0,77.9
100,3,2,3,0.5,19,4,0.77,1,30,0,0,21.2
100,1,1,180,0.4,20,4.48,1.82,1,45,0,0,63.7
150,1,1,14,0.59,20,5.9,1.5,3,0,0,0,35.8
100,1,1,28,0.3,31.5,4.26,1.44,3,24,0,0,56.62
100,1,1,3,0.4,20,4.45,1.86,1,55,0,0,13.6
100,2,4,28,0.37,25,3.75,1.35,3,0,0,30,56.3
150,2,3.7,7,0.5,40,8.48,1.94,3,35,0,0,11.19
100,1,1,14,0.3,20,3.6,1.94,3,0,40,0,67.76
150,1,1,7,0.64,19,4.73,1.52,3,0,0,42,23.9
100,1,1,90,0.3,10,3.61,1.51,1,0,5,0,93.6
100,1,1,56,0.3,10,3.48,1.66,1,40,5,0,80
150,1,1,3,0.59,20,5.9,1.5,3,0,0,0,25.8
100,3,2,7,0.6,19,4.62,0.85,1,30,0,0,16.7
100,3,2,28,0.42,25,3.72,1.27,4,0,0,0,43.49
100,1,1,3,0.21,25,2.83,1.83,5,0,10,30,76.7867
150,1,1,7,0.47,20,4.52,1.63,3,0,0,0,45.6
100,1,1,28,0.5,20,4.17,1.96,1,20,5,0,52.9
200,1,1,28,0.58,20,7.15,1.5,3,0,0,0,23.18
150,1,1,360,0.5,16,5.26,1.44,3,0,0,20,69.8
100,3,2,14,0.6,19,4.53,0.9,1,75,0,0,3.8
150,2,2,28,0.52,20,4.88,1.78,3,0,0,0,33.1
150,1,1,28,0.6,25,4.95,1.86,2,0,0,0,27.58
100,3,2,90,0.6,19,5.31,0.28,4,0,0,0,38.6
150,1,1,119,0.47,19,2.56,1.52,3,0,0,50,59.9
150,2,2,28,0.42,25,3.72,1.26,3,0,0,0,42.93
150,1,1,7,0.5,16,4.3,1.44,3,0,0,40,28.6
150,1,1,119,0.57,19,3.87,1.52,3,0,0,50,45.4
150,1,1,90,0.5,16,5.19,1.44,3,0,0,80,38.1
100,1,1,28,0.28,20,3.16,4.12,6,0,0,0,65.8276
200,2,2,28,0.35,13,3.41,1.26,3,0,0,0,54.8
200,1,1,28,0.67,80,13,3,3,0,0,40,17.15
100,1,1,56,0.5,20,4.24,1.87,1,0,5,0,59.6
100,1,1,56,0.4,20,4.48,1.82,1,40,5,0,55.3
100,1,1,28,0.27,25,2.83,1.83,5,0,10,20,92.9787
100,3,2,1,0.5,19,3.88,0.8,1,75,0,0,1.1
100,1,1,90,0.46,25,4.74,1.43,5,21,0,8,46.9
150,2,2,28,0.28,13,2.77,1.36,3,0,11,0,66.37
100,1,1,28,0.71,40,14,3,3,0,0,0,19.48
150,1,1,365,1.19,19,11.05,1.52,3,0,0,0,14.5
100,1,1,28,0.77,20,10.47,2.02,6,0,0,0,20.2173
150,1,1,14,0.87,19,7.36,1.52,3,0,0,30,17.4
100,3,2,7,0.55,19,4.23,0.82,1,15,0,0,27.9
100,1,1,3,0.4,20,4.48,1.82,1,45,0,0,14.5
100,2,4,28,0.27,25,2.5,1.59,3,0,0,50,76.2
100,3,2,90,0.27,19,2.58,0.14,4,30,0,0,60.4
100,1,1,28,0.4,12.5,4.21,1.28,5,0,0,50,55.55
300,1,1,28,0.59,80,12,3,3,0,0,60,18.89
200,1,1,28,0.48,20,4.28,1.63,3,0,0,0,31.18
200,1,1,28,0.59,40,12,3,3,0,0,30,24.38
150,1,1,28,0.67,40,13,3,3,0,0,50,18.58
150,1,1,90,0.3,16,5.76,1.44,3,0,0,40,87.8
100,1,1,28,0.27,25,2.83,1.83,5,40,10,0,91.0112
150,1,1,7,0.5,16,4.26,1.44,3,0,0,80,18.7
100,3,2,3,0.27,19,2.71,0.14,4,0,0,0,56.5
100,1,1,7,0.24,25,2.83,1.83,5,0,10,10,82.2931
100,2,3,90,0.3,20,3.6,1.94,3,0,0,0,49.3
100,2,2,56,0.3,10,3.61,1.51,1,0,5,0,92.3
150,1,1,180,0.6,19,4.15,1.52,3,0,0,0,46.3
150,1,1,365,0.66,19,4.91,1.52,3,0,0,30,46.9
100,3,2,180,0.55,19,4.81,0.25,4,30,0,0,47
100,1,1,7,0.4,20,3.5,1.63,1,0,0,0,48.4
200,1,1,28,0.55,20,6.26,1.7,2,0,0,0,23.93
250,1,1,28,0.67,40,13,3,3,0,0,50,17.05
100,1,1,7,0.39,20,4.73,1.12,6,0,0,0,53.0778
150,1,1,180,0.75,19,5.93,1.52,3,0,0,30,39.1
100,3,2,7,0.5,19,3.92,0.8,1,60,0,0,10.1
100,1,1,90,0.23,31.5,2.9,1.88,3,43,0,0,53.95
300,1,1,28,0.59,80,12,3,3,0,0,50,19.29
100,1,1,28,0.24,10,2.13,1.32,1,0,0,0,97.4
150,1,1,3,0.4,16,5.51,1.44,3,0,0,20,39
150,1,1,365,0.68,19,5.08,1.52,3,0,0,18,41.1
150,2,2,28,0.18,16,2.92,1.22,1,0,9,0,71.8803
100,3,2,3,0.35,19,3.56,0.19,4,0,0,0,45
100,3,2,90,0.27,19,2.62,0.14,4,20,0,0,72.8
100,1,1,7,0.5,20,3.4,1.86,1,0,0,0,36.9
100,2,2,28,0.3,10,3.48,1.66,1,40,5,0,71.6
100,2,2,56,0.3,10,5.95,1.55,1,15,0,0,89.5
100,3,2,21,0.6,19,4.53,0.9,1,75,0,0,4.2
150,1,1,7,0.5,20,4.57,1.5,3,10,0,40,18.4748
350,1,1,216,0.45,20,4.05,1.35,3,16,0,0,44.18
150,1,1,360,0.5,16,5.21,1.44,3,0,0,60,65.9
250,2,2,215,0.45,20,4.05,1.35,3,16,0,0,36.09
100,2,2,1,0.39,19,5.16,1.5,1,55,0,0,8.8
100,1,1,28,0.21,25,2.83,1.83,5,0,10,30,96.7249
100,1,1,7,0.3,10,3.54,1.58,1,20,5,0,65.6
100,2,2,28,0.6,20,5.32,1.04,3,0,0,0,31.9
100,3,2,28,0.55,19,4.28,0.81,1,0,0,0,37
150,1,1,14,0.44,19,2.1,1.52,3,0,0,61,29.2
150,1,1,28,0.5,20,4.57,1.5,3,0,0,40,45
150,1,1,7,0.4,16,5.54,1.44,3,0,0,0,54.8
100,1,1,7,0.39,20,4.73,2.35,6,0,0,0,44.4
100,2,2,3,0.38,19,4.17,1.5,1,55,0,0,17.1
100,3,2,28,0.55,19,4.95,0.26,4,10,0,0,38.3
100,1,1,28,0.5,20,4.82,1.5,3,0,0,0,36.5
100,1,1,90,0.29,31.5,2.9,1.88,3,43,0,0,68.54
100,3,2,14,0.5,19,3.97,0.81,1,45,0,0,19.2
100,3,2,28,0.31,19,2.77,1.01,1,0,0,0,67.6
150,1,1,28,0.47,19,2.56,1.52,3,0,0,50,48.4
100,1,1,7,0.27,25,2.83,1.83,5,40,10,0,68.2022
100,1,1,7,0.46,20,5.84,2.57,6,0,0,0,33.4731
150,1,1,3,0.5,16,4.26,1.44,3,0,0,80,8.4
100,3,2,56,0.6,19,4.75,0.81,1,0,0,0,34.5
100,2,4,1,0.42,25,4.37,1.24,3,0,0,30,5.1
100,1,1,28,0.24,25,2.83,1.83,5,20,10,0,96.8085
100,1,1,90,0.5,20,4.24,1.87,1,0,5,0,67.3
100,3,2,3,0.35,19,3.42,0.18,4,30,0,0,27
150,1,1,14,0.47,20,4.52,1.63,3,0,0,0,51.2
150,1,1,360,0.3,16,5.74,1.44,3,0,0,60,85.7
100,1,1,7,0.21,25,2.83,1.83,5,0,10,30,83.4604
100,3,2,14,0.55,19,4.21,0.82,1,30,0,0,22.8
100,2,2,28,0.34,19,4.95,1.5,1,55,0,0,55.8
150,1,1,360,0.4,16,4.55,1.44,3,0,0,60,82.8
150,2,2,90,0.3,20,3.6,1.94,3,0,0,0,46.8
100,1,1,3,0.27,25,2.83,1.83,5,0,10,30,75.9401
150,1,1,180,0.41,19,1.67,1.52,3,0,0,61,62.4
100,2,2,56,0.3,10,3.47,1.67,1,45,0,0,77.3
100,1,1,28,0.38,16,3.17,1.25,1,0,0,0,47.6275
150,1,1,180,0.8,19,6.44,1.52,3,0,0,0,31.2
150,1,1,28,0.3,20,3.08,1.5,3,10,0,21,60.6
100,2,2,28,0.7,14,7.58,0.72,3,0,0,0,14.93
100,1,1,180,0.5,20,3.36,1.92,1,15,0,0,64.8
100,2,2,28,0.55,25,5.66,1.27,3,0,0,0,29.47
100,1,1,7,0.3,20,3.6,1.94,3,0,0,0,51.56
200,1,1,28,0.51,80,10,3,3,0,0,50,27.26
300,1,1,28,0.71,40,14,3,3,0,0,0,16.46
150,1,1,14,0.66,19,4.9,1.52,3,0,0,50,20.6
100,1,1,28,0.32,25,2.91,1.86,3,0,0,0,42.98
100,2,4,28,0.37,25,3.77,1.35,3,0,0,0,50.5
100,1,1,90,0.34,31.5,2.9,1.88,3,43,0,0,65.04
150,1,1,28,0.68,19,5.08,1.52,3,0,0,18,33.7
150,1,1,14,0.64,19,4.73,1.52,3,0,0,42,26.1
100,2,2,56,0.38,19,4.11,1.5,1,55,0,0,37.7
150,1,1,28,1.57,16,10.19,1.33,3,0,0,0,25.03
150,1,1,3,0.4,16,3.84,1.44,3,0,0,40,35.9
150,2,2,28,0.55,25,5.66,1.27,3,0,0,0,27.33
150,1,1,28,0.38,16,3.17,1.25,1,0,0,0,51.1874
100,1,1,90,0.46,25,4.74,1.43,3,29,0,0,42.7
150,1,1,360,0.4,16,4.61,1.44,3,0,0,0,70.6
100,2,4,1,0.37,25,3.75,1.35,3,0,0,30,10.3
150,1,1,7,0.39,20,4.24,1.57,3,7,0,0,53.6
150,1,1,7,0.47,19,2.56,1.52,3,0,0,50,34.4
100,1,1,7,0.3,10,6.03,1.5,1,0,0,0,75.5
100,1,1,3,0.27,25,2.83,1.83,5,20,10,0,72.1277
100,3,2,3,0.32,19,3.1,0.16,4,30,0,0,28.8
150,1,1,365,0.89,19,7.55,1.52,3,0,0,0,25.6
150,1,1,90,0.5,16,5.23,1.44,3,0,0,40,65.9
100,1,1,28,0.54,20,4.24,1.5,3,0,0,0,33.6
150,1,1,365,0.44,19,2.1,1.52,3,0,0,61,55.2
100,1,1,360,0.46,25,4.74,1.43,5,29,0,0,55.6
150,3,2,28,0.35,13,3.41,1.26,3,0,0,0,65.93
100,3,2,28,0.5,19,3.97,0.81,1,45,0,0,23.8
150,1,1,28,0.41,19,1.67,1.52,3,0,0,61,42.7
150,1,1,360,0.3,16,4.79,1.44,3,0,0,80,82.9
100,1,1,3,0.4,12.5,4.21,1.28,5,0,0,50,22.03
100,2,3,90,0.3,20,3.6,1.94,3,0,30,0,55.9
150,1,1,14,0.59,19,4.15,1.52,3,0,0,30,33.1
150,1,1,90,0.4,16,4.61,1.44,3,0,0,0,67.9
100,1,1,7,0.5,20,4.24,1.87,1,0,5,0,39.2
100,3,2,1,0.5,19,4,0.77,1,30,0,0,11.7
100,1,1,28,1.57,16,10.19,1.33,3,0,0,0,27.33
150,1,1,28,0.59,40,12,3,3,0,0,30,25.35
100,2,2,3,0.34,19,5.22,1.5,1,55,0,0,23.4
150,1,1,28,0.65,25,4.82,1.86,2,0,0,0,21.9
100,2,2,28,0.5,14,4.28,1.64,3,0,0,0,25.5
150,1,1,111,0.45,20,4.05,1.35,3,16,0,0,57.24
150,1,1,14,0.48,19,2.69,1.52,3,0,0,61,24.3
100,3,2,90,0.35,19,3.51,0.18,4,10,0,0,64.3
100,2,2,56,0.4,20,3.46,1.68,1,15,0,0,49.4
150,1,1,14,0.75,19,5.93,1.52,3,0,0,30,23.1
150,1,1,28,0.3,20,3.24,1.62,6,30,0,0,69.1
150,1,1,180,0.74,19,5.93,1.52,3,0,0,42,38.4
150,1,1,119,0.66,19,4.92,1.52,3,0,0,0,36.5
150,1,1,3,0.3,16,4.09,1.44,3,0,0,60,36.8
200,1,1,28,0.59,80,12,3,3,0,0,30,23.38
150,1,1,7,0.75,19,5.93,1.52,3,0,0,30,21.2
200,1,1,28,0.67,40,13,3,3,0,0,60,17.92
150,1,1,7,0.4,16,4.61,1.44,3,0,0,0,53.7
150,1,1,7,0.51,19,3.24,1.52,3,0,0,42,33.8
100,3,2,90,0.32,19,3.18,0.17,4,10,0,0,65.3
100,3,2,14,0.55,19,4.13,0.85,1,75,0,0,4.3
100,3,2,21,0.5,19,3.97,0.81,1,45,0,0,23.7
150,1,1,90,0.4,16,4.59,1.44,3,0,0,20,72.4
150,1,1,119,0.51,19,3.13,1.52,3,0,0,50,53.5
100,3,2,56,0.6,19,4.62,0.85,1,30,0,0,24.5
300,1,1,28,0.59,80,12,3,3,0,0,30,20.19
150,1,1,360,0.5,16,5.27,1.44,3,0,0,0,66
100,3,2,28,0.37,25,3.18,1.27,4,0,0,0,46.64
100,1,1,3,0.4,20,4.61,1.68,1,0,5,0,37.3
150,1,1,28,0.3,16,4.07,1.44,3,0,0,80,66.3
100,1,1,28,0.77,20,10.47,1.34,6,0,0,0,18.4329
250,1,1,28,0.59,40,12,3,3,0,0,50,22.32
100,1,1,56,0.3,10,3.61,1.51,1,0,5,0,93.1
150,1,1,28,0.4,16,5.54,1.44,3,0,0,0,63.9
100,1,1,28,0.37,20,4.23,1.53,3,0,0,0,47.23
150,1,1,63,0.47,19,2.56,1.52,3,0,0,50,55.3
100,1,1,270,0.46,25,4.74,1.43,5,21,0,8,57
100,2,2,28,0.4,20,4.48,1.82,1,40,5,0,40.5
100,1,1,56,0.27,25,2.83,1.83,5,0,10,20,103.404
100,3,2,356,0.35,19,3.51,0.18,4,10,0,0,74.8
100,3,2,21,0.55,19,4.23,0.82,1,15,0,0,30.2
100,3,2,1,0.55,19,4.13,0.85,1,45,0,0,5.7
100,1,1,56,0.27,25,2.83,1.83,5,0,10,40,97.191
100,1,1,28,0.27,25,2.83,1.83,5,10,10,0,94.0189
100,3,2,356,0.6,19,5.26,0.28,4,10,0,0,47.6
100,2,4,1,0.37,25,3.77,1.35,3,0,0,0,19.6
100,2,4,28,0.32,25,3.13,1.46,3,0,0,30,64.3
150,2,2,28,0.77,25,8.46,1.27,3,0,0,0,15.07
100,1,1,56,0.24,25,2.83,1.83,5,10,10,0,105.366
100,1,1,7,0.3,20,3.6,1.94,3,0,50,0,69.48
150,1,1,360,0.3,16,4.84,1.44,3,0,0,40,92.4
100,2,4,7,0.32,25,3.15,1.46,3,0,0,0,55
150,1,1,360,0.3,16,4.13,1.44,3,0,0,20,95.9
150,1,1,28,0.3,16,4.85,1.44,3,0,0,20,81.4
100,2,2,28,0.4,20,3.5,1.63,1,0,0,0,55.8
100,1,1,7,0.27,25,2.83,1.83,5,30,10,0,72.3492
150,1,1,7,0.88,19,7.37,1.52,3,0,0,0,15.3
150,1,1,28,0.37,20,4.23,1.53,3,0,0,0,44.21
150,1,1,90,0.3,16,4.11,1.44,3,0,0,40,91.4
150,1,1,28,0.41,20,4.15,1.5,3,13,0,13,57.573
200,1,1,28,0.58,20,7.15,1.5,3,0,0,0,21.96
100,1,1,180,0.4,20,4.48,1.82,1,40,5,0,68.4
100,3,2,7,0.4,19,4.18,0.22,4,0,0,0,43.6
100,1,1,3,0.3,10,3.47,1.67,1,45,0,0,34.1
100,2,4,90,0.32,25,3.12,1.46,3,0,0,50,74.9
75,1,1,28,0.38,16,3.17,1.25,1,0,0,0,42.7118
150,1,1,3,0.5,16,5.23,1.44,3,0,0,40,24.3
100,3,2,3,0.5,19,3.97,0.81,1,45,0,0,14
150,1,1,63,0.41,19,1.67,1.52,3,0,0,61,49.6
100,1,1,7,0.34,31.5,2.9,1.88,3,43,0,0,39.89
100,1,1,28,0.44,31.5,3.83,2.11,1,90,0,0,4.468
150,1,1,3,0.4,16,4.56,1.44,3,0,0,40,33.4
100,1,1,56,0.4,20,4.61,1.68,1,0,5,0,72.1
100,3,2,21,0.5,19,4.06,0.74,1,0,0,0,41.4
100,2,2,28,0.5,20,4.1,2.06,1,45,0,0,30.4
150,1,1,28,0.4,16,5.51,1.44,3,0,0,20,65.8
100,1,1,7,0.5,12.5,4.53,1.05,5,0,0,0,30.67
100,1,1,56,0.4,20,4.45,1.86,1,55,0,0,47.1
150,3,2,28,0.67,13,6.75,1.07,3,0,0,0,27
150,1,1,28,0.4,16,5.47,1.44,3,0,0,60,61.8
100,3,2,56,0.55,19,4.08,0.87,1,60,0,0,14
100,3,2,3,0.55,19,4.81,0.25,4,30,0,0,12.7
100,3,2,90,0.4,19,4.1,0.22,4,20,0,0,56.5
100,1,1,56,0.27,25,2.83,1.83,5,0,10,30,98.1499
100,1,1,7,0.5,20,4.07,2.11,1,55,0,0,11.3
100,1,1,1,0.28,20,3.16,4.12,6,0,0,0,39.7586
100,1,1,56,0.3,10,3.54,1.58,1,20,5,0,85.8
150,1,1,3,0.5,16,5.27,1.44,3,0,0,0,38
150,1,1,360,0.3,16,4.07,1.44,3,0,0,80,78.4
150,1,1,360,0.4,16,4.53,1.44,3,0,0,80,68
100,1,1,28,0.28,20,3.17,1.35,6,0,0,0,69.5517
100,1,1,28,0.3,20,3.6,1.94,3,0,40,0,73.82
150,3,2,28,0.55,25,5.66,1.27,4,0,0,0,27.47
150,1,1,7,0.3,16,4.88,1.44,3,0,0,0,73.8
100,3,2,3,0.55,19,5,0.26,4,0,0,0,18.7
100,1,1,7,0.21,25,2.83,1.83,5,20,10,0,78.2979
100,2,2,56,0.4,20,4.48,1.82,1,40,5,0,47.3
150,1,1,28,0.5,16,3.62,1.44,3,0,0,0,48.7
150,1,1,90,0.4,16,5.5,1.44,3,0,0,40,76.3
100,3,2,7,0.35,19,3.47,0.18,4,20,0,0,44.9
100,1,1,3,0.23,10,2.48,1.44,1,45,0,0,42.5
150,1,1,7,0.57,19,3.87,1.52,3,0,0,50,24.4
150,1,1,7,0.4,16,5.46,1.44,3,0,0,80,37.3
100,3,2,28,0.27,19,2.71,0.14,4,0,0,0,71.8
150,2,0.67,28,0.23,16,5.34,1.25,1,0,0,0,58.44507597
100,1,1,3,0.4,20,4.54,1.75,1,25,0,0,24.7
150,1,1,7,0.4,16,3.8,1.44,3,0,0,80,36.7
150,1,1,365,0.75,19,5.93,1.52,3,0,0,30,39.1
100,3,2,7,0.27,19,2.62,0.14,4,20,0,0,50.5
100,1,1,28,0.5,20,3.4,1.86,1,0,0,0,50.8
100,1,1,56,0.4,12.5,4.12,1.35,5,25,0,0,59.35
100,2,4,7,0.42,25,4.36,1.24,3,0,0,50,27.3
100,1,1,91,0.28,20,1.93,1.22,6,0,0,0,88.7129
100,2,2,56,0.38,19,4.17,1.5,1,55,0,0,43.1
150,1,1,28,0.4,16,3.82,1.44,3,0,0,60,61.8
150,1,1,7,0.3,16,4.81,1.44,3,0,0,60,58.3
100,3,2,14,0.5,19,4,0.77,1,30,0,0,26.2
150,2,0.67,28,0.38,16,3.17,1.25,1,0,0,0,38.66116937
100,2,2,3,0.7,14,7.58,0.72,3,0,0,0,11.8
150,1,1,28,0.47,20,4.52,1.63,3,0,0,0,58.7
100,1,1,28,0.5,20,4.1,2.06,1,45,0,0,35.6
100,3,2,180,0.4,19,4.14,0.22,4,10,0,0,62.8
150,1,1,7,0.5,20,4.57,1.5,3,0,0,30,22.7632
100,1,1,180,0.4,20,3.5,1.63,1,0,0,0,70.6
150,1,1,90,0.3,16,5.8,1.44,3,0,0,0,83.9
100,1,1,3,0.24,25,2.83,1.83,5,0,10,10,77.9433
150,1,1,7,0.74,19,5.93,1.52,3,0,0,42,18.6
150,1,1,3,0.5,16,3.56,1.44,3,0,0,60,13
150,1,1,180,0.57,19,3.87,1.52,3,0,0,50,50.5
200,1,1,28,0.62,80,12,3,3,0,0,0,23.01
100,3,2,7,0.35,19,3.42,0.18,4,30,0,0,39.1
100,3,2,3,0.6,19,4.62,0.85,1,30,0,0,11.6
100,1,1,270,0.46,25,4.74,1.43,3,29,0,0,50.5
100,3,2,90,0.32,19,3.1,0.16,4,30,0,0,57.7
100,2,2,28,0.4,20,3.46,1.68,1,15,0,0,44.8
150,1,1,7,0.43,19,2.06,1.52,3,0,0,56,33.3
100,1,1,56,0.4,12.5,4.21,1.28,5,0,0,0,65.99
100,2,2,91,0.39,19,5.16,1.5,1,55,0,0,44.7
150,3,2,28,0.37,25,3.18,1.27,4,0,0,0,46.05
150,1,1,63,0.48,19,2.69,1.52,3,0,0,61,37.8
150,1,1,90,0.5,16,3.58,1.44,3,0,0,40,53.4
100,1,1,56,0.21,25,2.83,1.83,5,0,10,10,104.137
100,1,1,90,0.5,20,3.36,1.92,1,15,0,0,62.6
150,1,1,365,0.51,19,3.13,1.52,3,0,0,50,59.7
100,3,2,1,0.6,19,4.75,0.81,1,0,0,0,16.1
100,3,2,3,0.35,19,3.47,0.18,4,20,0,0,34.1
150,1,1,28,0.3,16,4.14,1.44,3,0,0,0,80.3
150,1,1,7,0.3,16,5.79,1.44,3,0,0,20,68.3
150,1,1,28,0.5,16,5.21,1.44,3,0,0,60,45.1
150,1,1,7,1.19,19,11.05,1.52,3,0,0,0,9.2
100,1,1,3,0.21,25,2.83,1.83,5,0,10,10,78.89
150,2,2,7,0.5,40,8.48,1.94,3,35,0,0,9.81
150,1,1,28,0.28,20,2.86,1.63,3,20,0,0,80.9
150,2,2,28,0.35,13,3.41,1.26,3,0,0,0,55.7
100,1,1,90,0.3,10,3.47,1.67,1,45,0,0,87.7
300,1,1,28,0.67,80,13,3,3,0,0,50,15
100,1,1,7,0.4,12.5,4.21,1.28,5,0,0,0,41.93
150,1,1,63,0.55,19,3.49,1.52,3,0,0,61,30.4
150,1,1,3,0.3,16,5.74,1.44,3,0,0,60,31.9
200,1,1,28,0.52,20,4.88,1.78,3,0,0,0,40.4
100,3,2,3,0.5,19,3.88,0.8,1,75,0,0,3.2
300,1,1,28,0.67,80,13,3,3,0,0,60,14.79
150,1,1,180,0.89,19,7.55,1.52,3,0,0,0,25.6
100,3,2,1,0.5,19,4.06,0.74,1,0,0,0,15
100,1,1,180,0.5,20,4.11,2.05,1,40,5,0,58.4
100,2,2,28,0.54,20,4.24,1.5,3,0,0,0,25.57
150,1,1,7,0.4,16,4.59,1.44,3,0,0,20,51.5
150,1,1,90,0.45,20,4.05,1.35,3,16,0,0,57.24
150,1,1,360,0.4,16,3.82,1.44,3,0,0,60,80.6
100,1,1,7,0.36,12.5,3.75,1.35,5,0,0,0,45.25
100,1,1,7,0.36,12.5,3.66,1.43,5,25,0,0,39.76
100,3,2,7,0.5,19,4.06,0.74,1,0,0,0,35.1
150,1,1,5,0.39,20,4.24,1.57,3,7,0,0,42.6
150,2,2,90,0.3,20,3.6,1.94,3,0,30,0,52.6
100,1,1,28,0.38,31.5,3.83,2.11,1,70,0,0,22.601
150,1,1,365,0.88,19,7.37,1.52,3,0,0,0,25.9
150,1,1,7,0.3,16,5.74,1.44,3,0,0,60,57.3
100,2,4,3,0.42,25,4.36,1.24,3,0,0,50,14.8
100,1,1,28,0.27,25,2.83,1.83,5,20,10,0,94.8936
100,1,1,28,0.24,25,2.83,1.83,5,0,10,20,96.8085
100,3,2,180,0.55,19,5,0.26,4,0,0,0,46.3
300,1,1,28,0.67,40,13,3,3,0,0,60,16.21
100,2,2,28,0.5,20,4.07,2.11,1,55,0,0,25.9
150,1,1,28,0.5,20,4.82,1.5,3,0,0,0,34.7
100,2,2,1,0.38,19,4.11,1.5,1,55,0,0,6.3
100,1,1,180,0.5,20,4.1,2.06,1,45,0,0,56.6
100,1,1,28,0.67,40,13,3,3,0,0,40,19.35
150,2,2,90,0.3,20,3.6,1.94,3,0,40,0,54.3
150,1,1,28,0.4,16,4.59,1.44,3,0,0,20,66
100,3,2,1,0.6,19,4.62,0.85,1,30,0,0,7.5
400,2,8,365,0.36,20,3.33,0.54,4,0,0,0,35.72
100,1,1,7,0.39,20,4.73,1.73,6,0,0,0,58.9413
100,3,2,180,0.27,19,2.71,0.14,4,0,0,0,82
100,3,2,21,0.6,19,4.51,0.89,1,60,0,0,9.4
100,3,2,356,0.6,19,5.22,0.27,4,20,0,0,44.8
100,1,1,90,0.5,20,4.11,2.05,1,40,5,0,48.7
100,2,2,56,0.5,20,3.4,1.86,1,0,0,0,45.8
100,3,2,21,0.55,19,4.13,0.85,1,45,0,0,19
100,3,2,28,0.6,19,5.22,0.27,4,20,0,0,28
150,1,1,180,0.87,19,7.36,1.52,3,0,0,30,30.5
100,1,1,28,0.18,16,2.92,1.22,1,0,9,0,66.1011
100,2,4,90,0.37,25,3.77,1.35,3,0,0,0,53.8
100,2,2,28,0.71,25,7.72,1.27,3,0,0,0,17.87
100,2,2,28,0.5,20,4.82,1.5,3,0,0,0,24.6
150,1,1,28,0.4,16,4.55,1.44,3,0,0,60,61.1
150,1,1,14,0.28,20,2.86,1.63,3,20,0,0,73.5
100,3,2,28,0.32,19,3.18,0.17,4,10,0,0,61.7
75,1,1,28,0.23,16,3.17,1.25,1,0,0,0,58.135
100,3,2,180,0.6,19,5.17,0.27,4,30,0,0,40.1
100,1,1,7,0.21,25,2.83,1.83,5,0,10,40,81.573
150,1,1,360,0.3,16,4.11,1.44,3,0,0,40,96.8
100,3,2,3,0.32,19,3.14,0.17,4,20,0,0,39.6
100,1,1,28,0.67,40,13,3,3,0,0,60,18.94
100,3,2,356,0.27,19,2.71,0.14,4,0,0,0,83.4
150,1,1,28,0.52,20,4.88,1.78,3,0,0,0,43.45
100,2,2,3,0.35,19,5.03,1.5,1,55,0,0,19.6
100,1,1,28,0.59,40,12,3,3,0,0,50,25.65
250,1,1,28,0.59,80,12,3,3,0,0,30,21.55
150,1,1,28,0.3,16,4.11,1.44,3,0,0,40,83.8
100,3,2,7,0.6,19,4.51,0.89,1,60,0,0,6.7
100,2,4,180,0.32,25,3.13,1.46,3,0,0,30,75.2
100,1,1,90,0.24,10,2.13,1.32,1,0,0,0,110.2
450,3,2,230,0.45,20,4.05,1.35,3,16,0,0,28.2
150,1,1,14,0.59,20,5.9,1.5,3,0,0,0,34.8
150,1,1,90,0.5,16,4.3,1.44,3,0,0,40,57.9
150,1,1,3,0.4,16,4.59,1.44,3,0,0,20,41
200,1,1,28,0.38,16,3.17,1.25,1,0,0,0,45.7622
100,2,4,28,0.42,25,4.37,1.24,3,0,0,30,44.9
100,2,2,3,0.4,20,3.27,2.09,3,0,0,0,31.1
150,1,1,28,0.52,19,3.2,1.52,3,0,0,56,34.5
100,1,1,7,0.39,31.5,3.49,1.63,3,35,0,0,33.01
150,1,1,7,0.3,16,5.8,1.44,3,0,0,0,69.4
150,1,1,180,0.76,19,5.99,1.52,3,0,0,18,36.2
100,2,2,28,0.5,14,4.48,0.85,3,0,0,0,30.4
150,1,1,28,0.89,19,7.55,1.52,3,0,0,0,22.6
100,1,1,7,0.44,31.5,3.83,2.11,1,90,0,0,2.875
100,2,4,7,0.37,25,3.74,1.35,3,0,0,50,35.7
150,1,1,7,0.3,16,4.11,1.44,3,0,0,40,66.4
150,1,1,90,0.5,16,3.53,1.44,3,0,0,80,35
150,1,1,28,0.6,19,4.11,1.52,3,0,0,56,27.2
100,1,1,90,0.3,31.5,4.26,1.44,3,24,0,0,64.38
150,1,1,90,0.4,16,3.84,1.44,3,0,0,40,81
100,1,1,56,0.5,20,3.4,1.86,1,0,0,0,57.1
100,1,1,1,0.28,20,3.16,2.22,6,0,0,0,43.069
100,1,1,3,0.5,20,4.17,1.97,1,25,0,0,18.4
100,1,1,28,0.4,20,4.61,1.68,1,0,5,0,69.4
150,1,1,28,0.4,31.5,3.79,2.34,3,0,0,0,43.1
150,1,1,7,0.55,19,3.49,1.52,3,0,0,61,17.1
100,1,1,7,0.3,20,3.6,1.94,3,0,30,0,62.5
100,3,2,14,0.55,19,4.13,0.85,1,45,0,0,18
150,1,1,360,0.4,16,5.51,1.44,3,0,0,20,76.7
100,3,2,14,0.55,19,4.08,0.87,1,60,0,0,9.5
150,1,1,28,0.34,20,3.46,1.5,3,11,0,15,57.9514
150,1,1,180,0.59,19,4.15,1.52,3,0,0,30,53.8
100,2,2,3,0.6,14,4.49,0.87,3,0,0,0,22.5
150,1,1,28,0.55,19,3.49,1.52,3,0,0,61,25.1
150,1,1,90,0.5,16,4.26,1.44,3,0,0,80,31.6
150,1,1,3,0.28,20,2.86,1.63,3,20,0,0,47.1
100,1,1,28,0.36,12.5,3.75,1.35,5,0,0,50,58.6
150,1,1,7,0.3,16,4.14,1.44,3,0,0,0,75.7
100,1,1,3,0.39,20,4.73,1.73,6,0,0,0,48.043
150,1,1,28,0.66,19,4.92,1.52,3,0,0,0,35
100,2,4,28,0.32,25,3.15,1.46,3,0,0,0,60
200,1,1,28,0.71,40,14,3,3,0,0,0,18.29
100,1,1,28,0.19,10,2.27,1.52,1,45,0,0,88.5
100,1,1,28,0.35,20,3.01,1.63,3,0,0,0,59.45
150,1,1,3,0.47,20,4.52,1.63,3,0,10,0,35.3
200,2,2,28,0.5,13,5.02,1.16,3,0,0,0,43.55
100,1,1,28,0.5,12.5,5.47,1.18,5,0,0,0,47.3
100,3,2,28,0.6,19,4.75,0.81,1,0,0,0,32.1
100,1,1,91,0.28,20,3.16,4.12,6,0,0,0,77.4138
100,1,1,3,0.21,25,2.83,1.83,5,0,10,20,82.6596
150,1,1,7,0.5,16,4.28,1.44,3,0,0,60,23.8
800,2,2,365,0.36,20,3.33,0.54,4,0,0,0,22.83
100,3,2,28,0.55,19,4.21,0.82,1,30,0,0,25.4
100,1,1,28,0.38,16,3.83,2.45,1,0,0,0,27.33
100,3,2,180,0.35,19,3.42,0.18,4,30,0,0,68.9
100,1,1,1,0.77,20,10.47,2.02,6,0,0,0,8.25419
100,3,2,90,0.35,19,3.47,0.18,4,20,0,0,61.3
200,2,2,28,0.52,20,4.88,1.78,3,0,0,0,31
100,3,2,3,0.6,19,4.61,0.86,1,45,0,0,6.9
150,1,1,28,0.66,19,4.91,1.52,3,0,0,30,36.1
100,3,2,28,0.35,19,3.56,0.19,4,0,0,0,56.3
75,2,2,28,0.38,16,3.17,1.25,1,0,0,0,40.6838
100,1,1,56,0.4,20,4.54,1.75,1,25,0,0,60.8
300,1,1,28,0.67,40,13,3,3,0,0,40,16.42
150,1,1,3,0.5,16,4.33,1.44,3,0,0,20,22.9
150,1,1,63,0.66,19,4.91,1.52,3,0,0,30,39.2
150,1,1,28,1.19,19,11.05,1.52,3,0,0,0,13
100,1,1,360,0.46,25,4.74,1.43,5,21,0,8,60
100,2,4,180,0.27,25,2.51,1.59,3,0,0,30,86.5
100,3,2,1,0.55,19,4.21,0.82,1,30,0,0,10.6
200,3,2,28,0.28,13,2.77,1.36,3,0,11,0,71.3
100,3,2,28,0.6,19,4.53,0.9,1,75,0,0,5
100,3,2,356,0.32,19,3.23,0.17,4,0,0,0,71.4
250,1,1,28,0.67,80,13,3,3,0,0,50,15.76
100,3,2,56,0.5,19,4,0.77,1,30,0,0,35.5
150,1,1,63,0.8,19,6.44,1.52,3,0,0,0,28.3
70.7,1,1,28,0.14,1.25,1.63,6,3,0,18.5,0,94.96
150,1,1,28,0.3,16,4.79,1.44,3,0,0,80,67.7
150,1,1,14,0.6,19,4.15,1.52,3,0,0,0,32.6
100,3,2,28,0.6,19,4.62,0.85,1,15,0,0,27.5
150,1,1,14,0.5,20,4.57,1.5,3,10,0,40,28.4483
100,3,2,3,0.4,19,4.18,0.22,4,0,0,0,34
150,1,1,28,0.5,20,4.57,1.5,3,0,0,50,41.4474
100,1,1,28,0.5,13,5.02,1.16,3,0,0,0,49.5
150,1,1,7,0.48,19,2.69,1.52,3,0,0,61,22.2
150,1,1,90,0.3,20,3.6,1.94,3,0,30,0,67.4
100,3,2,180,0.35,19,3.51,0.18,4,10,0,0,72.4
100,3,2,28,0.52,25,5.69,1.69,1,0,0,0,23.8
250,1,1,28,0.67,80,13,3,3,0,0,40,16.08
100,3,2,28,0.67,13,6.75,1.07,3,0,0,0,27.6
150,1,1,28,0.51,25,3.3,2.23,2,0,0,0,29.36
100,2,2,3,0.37,19,4.67,1.5,1,55,0,0,22.4
100,2,2,56,0.4,20,4.61,1.68,1,0,5,0,64.8
100,1,1,180,0.3,10,6.03,1.5,1,0,0,0,97.7
100,3,2,56,0.5,19,3.88,0.8,1,75,0,0,9.9
100,1,1,28,0.67,13,6.75,1.07,3,0,0,0,32.2
100,1,1,90,0.39,31.5,3.49,1.63,3,35,0,0,53.69
100,3,2,28,0.32,19,3.14,0.17,4,20,0,0,58.6
100,1,1,365,0.56,25,5.3,1.33,3,25,0,0,58.6
100,1,1,14,0.38,31.5,3.83,2.11,1,70,0,0,13.528
100,1,1,28,0.44,31.5,3.83,2.11,1,50,0,0,28.057
150,1,1,63,0.51,19,3.24,1.52,3,0,0,42,54.5
100,1,1,7,0.4,20,4.54,1.75,1,25,0,0,33.7
150,1,1,3,0.47,20,4.52,1.63,3,0,0,0,33.3
100,3,2,28,0.44,25,4.74,1.77,1,0,0,0,31
100,3,2,3,0.55,19,4.23,0.82,1,15,0,0,24.3
100,2,2,28,0.37,25,3.18,1.27,3,0,0,0,46.53
100,2,2,28,0.6,14,5.07,0.85,3,0,0,0,27.2
200,2,2,28,0.5,20,4.82,1.5,3,0,0,0,22.1
100,2,2,28,0.4,20,3,1.34,3,0,0,0,43.3
100,1,1,28,0.42,20,3.89,1.7,2,0,0,0,36.58
100,1,1,28,0.3,20,3.6,1.94,3,0,0,0,64.81
150,1,1,14,0.55,19,3.49,1.52,3,0,0,61,18.5
100,3,2,56,0.5,19,3.97,0.81,1,45,0,0,26.8
100,3,2,28,0.4,19,4.1,0.22,4,20,0,0,48
150,1,1,28,0.51,40,10,3,3,0,0,60,30.32
100,3,2,3,0.6,19,4.51,0.89,1,60,0,0,4.6
100,3,2,28,0.35,19,3.51,0.18,4,10,0,0,55.7
100,3,2,180,0.35,19,3.56,0.19,4,0,0,0,66.6
100,3,2,356,0.32,19,3.18,0.17,4,10,0,0,77.6
100,3,2,14,0.6,19,4.75,0.81,1,0,0,0,31.9
150,1,1,7,0.57,19,3.88,1.52,3,0,0,42,29.6
100,3,2,7,0.4,19,4.05,0.21,4,30,0,0,33.7
100,2,2,28,0.4,14,2.71,1.69,3,0,0,0,43.8
100,1,1,7,0.45,31.5,4.26,1.44,3,24,0,0,33.64
150,1,1,180,0.51,19,3.24,1.52,3,0,0,42,64.5
150,1,1,14,0.66,19,4.91,1.52,3,0,0,30,28.3
150,1,1,7,0.3,16,4.84,1.44,3,0,0,40,64.5
150,1,1,90,0.4,16,4.53,1.44,3,0,0,80,56.8
100,3,2,3,0.55,19,4.95,0.26,4,10,0,0,16
100,2,4,28,0.42,25,4.36,1.24,3,0,0,50,44.6
150,1,1,28,0.43,19,2.06,1.52,3,0,0,56,47
200,1,1,28,0.51,40,10,3,3,0,0,60,28.74
100,1,1,180,0.4,20,4.54,1.75,1,25,0,0,70.2
150,1,1,7,0.4,16,3.82,1.44,3,0,0,60,38.6
100,1,1,28,0.3,10,3.54,1.59,1,25,0,0,85.4
100,3,2,14,0.5,19,4,0.75,1,15,0,0,29.3
100,3,2,21,0.5,19,3.92,0.8,1,60,0,0,13.8
150,2,2,28,0.47,25,4.27,1.27,3,0,0,0,36.27
100,3,2,28,0.48,25,5.2,1.74,1,0,0,0,25.8
100,3,2,21,0.5,19,4,0.75,1,15,0,0,30.5
100,1,1,7,0.19,10,2.74,1.5,1,25,0,0,74.2
150,1,1,14,0.47,20,4.52,1.63,3,0,0,0,50.8
100,3,2,7,0.35,19,3.56,0.19,4,0,0,0,49.1
100,3,2,3,0.6,19,5.31,0.28,4,0,0,0,15.4
200,1,1,28,0.67,40,13,3,3,0,0,50,17.99
100,1,1,28,0.21,25,2.83,1.83,5,10,10,0,95.721
150,1,1,28,0.35,20,3.01,1.63,3,0,0,0,54.13
100,1,1,3,0.4,20,3.46,1.68,1,15,0,0,29.3
250,1,1,28,0.67,40,13,3,3,0,0,30,17.29
150,1,1,63,1.02,19,9,1.52,3,0,0,0,18
100,3,2,28,0.5,19,3.88,0.8,1,75,0,0,7
100,3,2,28,0.62,25,6.51,1.27,4,0,0,0,24.31
150,1,1,14,0.86,19,7.2,1.52,3,0,0,18,18.3
100,3,2,90,0.6,19,5.17,0.27,4,30,0,0,36
100,2,2,7,0.37,19,4.67,1.5,1,55,0,0,31.8
150,1,1,360,0.5,16,3.58,1.44,3,0,0,40,65.1
150,2,1.7,7,0.5,40,8.48,1.94,3,35,0,0,10.7
100,3,2,28,0.6,19,4.51,0.89,1,60,0,0,9.8
100,1,1,28,0.67,40,13,3,3,0,0,30,19.51
100,1,1,3,0.39,20,4.73,2.35,6,0,0,0,43.2
100,1,1,7,0.3,10,3.48,1.66,1,40,5,0,48.6
100,1,1,7,0.4,20,4.48,1.82,1,45,0,0,20.3
100,1,1,7,0.4,20,3.46,1.68,1,15,0,0,39.9
150,1,1,3,0.3,16,4.07,1.44,3,0,0,80,26.3
100,2,2,3,0.7,14,6.61,0.77,3,0,0,0,10.9
100,1,1,3,0.39,20,4.73,1.12,6,0,0,0,47.4147
150,1,1,365,0.66,19,4.92,1.52,3,0,0,0,40
100,1,1,1,0.51,20,3.28,1,6,0,0,0,32.7545
150,1,1,180,0.43,19,2.06,1.52,3,0,0,56,67.2
100,1,1,90,0.46,25,4.74,1.43,3,21,0,8,46.8
250,1,1,90,0.45,20,4.05,1.35,3,16,0,0,56.97
100,1,1,3,0.29,20,4.62,4.3,6,0,0,0,65.396
150,1,1,7,0.66,19,4.92,1.52,3,0,0,0,24.9
200,1,1,28,0.71,80,14,3,3,0,0,0,17.36
100,2,2,91,0.35,19,5.03,1.5,1,55,0,0,56.1
150,1,1,63,1.19,19,11.05,1.52,3,0,0,0,13.3
100,1,1,91,0.28,20,3.17,1.35,6,0,0,0,83.4138
100,1,1,28,0.4,31.5,3.79,2.34,3,0,0,0,44.9
150,1,1,28,0.4,16,3.8,1.44,3,0,0,80,46.8
150,1,1,7,0.4,16,5.5,1.44,3,0,0,40,49.1
150,1,1,14,0.75,19,5.94,1.52,3,0,0,0,22.7
150,1,1,14,0.8,19,6.44,1.52,3,0,0,0,21.9
200,1,1,28,0.62,40,12,3,3,0,0,0,24.29
100,1,1,28,0.38,31.5,4.26,1.44,3,24,0,0,50.37
150,1,1,28,0.59,20,5.9,1.5,3,0,10,0,52.3
100,1,1,56,0.5,20,4.11,2.05,1,40,5,0,45.9
100,2,4,1,0.42,25,4.39,1.24,3,0,0,0,17
100,2,4,7,0.42,25,4.39,1.24,3,0,0,0,37.2
150,1,1,28,0.3,16,4.81,1.44,3,0,0,60,77.8
150,1,1,63,0.66,19,4.9,1.52,3,0,0,50,33.1
100,2,2,3,0.5,14,4.27,0.71,3,0,0,0,20.8
100,3,2,1,0.55,19,4.28,0.81,1,0,0,0,19.4
100,1,1,56,0.24,25,2.83,1.83,5,0,10,10,101.111
100,3,2,28,0.55,19,4.23,0.82,1,15,0,0,32.4
150,1,1,119,0.66,19,4.91,1.52,3,0,0,30,42.5
150,1,1,28,0.4,16,4.61,1.44,3,0,0,0,63.9
150,1,1,28,0.67,40,13,3,3,0,0,40,18.78
100,1,1,91,0.53,20,7.45,3.54,6,0,0,0,42.5749
100,3,2,7,0.55,19,4.28,0.81,1,0,0,0,30.4
200,1,1,28,0.65,20,7.44,1.69,2,0,0,0,17.79
100,2,2,3,0.4,20,3.69,2.01,3,0,0,0,30.7
100,2,4,7,0.32,25,3.13,1.46,3,0,0,30,57.4
100,2,2,28,0.6,14,5.55,1.19,3,0,0,0,23.1
100,2,2,56,0.3,10,3.54,1.59,1,25,0,0,86.5
100,2,2,91,0.34,19,4.95,1.5,1,55,0,0,61.9
150,1,1,14,0.66,19,4.92,1.52,3,0,0,0,27.8
100,1,1,56,0.5,12.5,4.53,1.05,5,0,0,0,49.36
150,1,1,119,0.59,19,4.15,1.52,3,0,0,30,49.1
150,1,1,360,0.4,16,4.56,1.44,3,0,0,40,79
100,2,3,28,0.4,31.5,3.79,2.34,3,0,0,0,40.8
150,1,1,63,0.87,19,7.36,1.52,3,0,0,30,26.8
150,1,1,365,0.57,19,3.88,1.52,3,0,0,42,57.4
150,1,1,3,0.5,16,4.28,1.44,3,0,0,60,14.4
100,3,2,90,0.55,19,4.81,0.25,4,30,0,0,39.3
100,2,2,28,0.62,25,6.51,1.27,3,0,0,0,24.27
100,3,2,1,0.55,19,4.08,0.87,1,60,0,0,3.8
150,1,1,28,0.8,19,6.44,1.52,3,0,0,0,27.5
150,1,1,14,1.19,19,11.05,1.52,3,0,0,0,9.7
100,2,2,1,0.35,19,5.03,1.5,1,55,0,0,7.9
100,2,4,28,0.42,25,4.39,1.24,3,0,0,0,46.1
150,1,1,3,0.4,16,3.87,1.44,3,0,0,20,45.8
100,2,2,365,0.36,20,3.33,0.54,4,0,0,0,54.4
100,3,2,356,0.4,19,4.05,0.21,4,30,0,0,61.3
100,1,1,56,0.3,10,6.03,1.5,1,0,0,0,87.2
200,2,4,365,0.36,20,3.33,0.54,4,0,0,0,39.54
200,1,1,28,0.67,40,13,3,3,0,0,30,18.34
100,1,1,91,0.28,20,3.31,2.69,6,0,0,0,76.2376
150,1,1,28,0.51,19,3.13,1.52,3,0,0,50,42.3
200,3,2,28,0.35,13,3.41,1.26,3,0,0,0,65.45
350,2,2,216,0.45,20,4.05,1.35,3,16,0,0,42.35
150,1,1,7,0.5,16,3.62,1.44,3,0,0,0,36.6
150,1,1,56,0.39,20,4.24,1.57,3,7,0,0,61.5
100,1,1,90,0.47,25,5.3,1.33,3,10,0,0,64.2
150,1,1,119,0.48,19,2.69,1.52,3,0,0,61,42.4
100,3,2,90,0.6,19,5.26,0.28,4,10,0,0,40.3
100,1,1,56,0.3,10,3.54,1.59,1,25,0,0,90.4
150,1,1,7,0.4,16,5.47,1.44,3,0,0,60,46.9
100,1,1,7,0.44,31.5,3.83,2.11,1,50,0,0,16.289
100,2,4,1,0.37,25,3.74,1.35,3,0,0,50,5.2
100,2,2,3,0.38,19,4.11,1.5,1,55,0,0,13.9
100,2,2,3,0.6,20,5.32,1.04,3,0,0,0,24.4
100,1,1,3,0.5,20,4.07,2.11,1,55,0,0,7.8
150,1,1,63,0.88,19,7.37,1.52,3,0,0,0,23.2
150,1,1,28,0.5,20,4.57,1.5,3,20,0,30,38.5279
100,2,2,28,0.5,13,5.02,1.16,3,0,0,0,42.93
150,1,1,90,0.42,25,5.3,1.33,3,0,0,0,58.6
250,1,1,28,0.51,40,10,3,3,0,0,0,27.13
200,1,1,28,0.52,40,10,3,3,0,0,0,29.26
100,1,1,90,0.5,20,4.17,1.97,1,25,0,0,53.7
150,1,1,28,0.75,19,5.94,1.52,3,0,0,0,28.9
100,1,1,7,0.27,25,2.83,1.83,5,0,10,20,82.8723
100,1,1,28,0.4,20,4.54,1.75,1,25,0,0,49.3
100,3,2,56,0.6,19,4.61,0.86,1,45,0,0,16.6
100,3,2,28,0.27,19,2.67,0.14,4,10,0,0,67.7
450,1,1,221,0.45,20,4.05,1.35,3,16,0,0,43.53
150,1,1,28,0.46,25,3.44,2.23,2,0,0,0,40.96
150,1,1,119,0.89,19,7.55,1.52,3,0,0,0,23.5
150,1,1,28,0.5,16,5.26,1.44,3,0,0,20,57
150,1,1,90,0.5,16,3.6,1.44,3,0,0,20,56.2
100,1,1,28,0.39,20,4.73,2.35,6,0,0,0,51.7
150,1,1,90,0.3,16,4.07,1.44,3,0,0,80,77.4
150,1,1,7,0.4,16,3.87,1.44,3,0,0,20,60.3
100,3,2,180,0.4,19,4.1,0.22,4,20,0,0,61.4
150,1,1,180,0.57,19,3.88,1.52,3,0,0,42,57.4
150,1,1,63,0.86,19,7.2,1.52,3,0,0,18,25
150,1,1,28,0.23,16,3.17,1.25,1,0,0,0,68.8137
100,1,1,28,0.48,20,4.28,1.63,3,0,0,0,34.9
150,1,1,180,0.68,19,5.08,1.52,3,0,0,18,41.1
150,1,1,365,0.48,19,2.69,1.52,3,0,0,61,47.9
150,1,1,28,0.88,19,7.37,1.52,3,0,0,0,22.7
100,1,1,7,0.24,25,2.83,1.83,5,0,10,30,82.7196
100,3,2,28,0.77,25,8.46,1.27,4,0,0,0,14.43
100,2,2,28,0.37,19,4.67,1.5,1,55,0,0,53
100,2,4,7,0.27,25,2.51,1.59,3,0,0,30,70.3
150,1,1,3,0.5,16,5.26,1.44,3,0,0,20,29.8
100,1,1,28,0.36,12.5,3.66,1.43,5,25,0,0,60.17
100,3,2,180,0.32,19,3.1,0.16,4,30,0,0,67.5
150,1,1,7,0.5,16,5.19,1.44,3,0,0,80,21.8
100,1,1,28,0.3,10,3.44,1.71,1,55,0,0,57.4
150,1,1,14,0.5,20,4.57,1.5,3,0,0,40,33.5526
100,1,1,3,0.5,20,4.1,2.06,1,45,0,0,13.4
100,3,2,1,0.5,19,3.97,0.81,1,45,0,0,6.4
100,2,2,1,0.37,19,4.67,1.5,1,55,0,0,8.7
100,1,1,7,0.24,25,2.83,1.83,5,0,10,40,80.7865
250,1,1,28,0.59,80,12,3,3,0,0,40,21.22
100,1,1,28,0.39,31.5,3.49,1.63,3,35,0,0,39.12
150,1,1,180,0.6,19,4.11,1.52,3,0,0,56,40.9
100,1,1,3,0.21,25,2.83,1.83,5,20,10,0,73.5106
200,1,1,28,0.42,20,3.89,1.7,2,0,0,0,33.14
300,1,1,28,0.59,80,12,3,3,0,0,40,19.86
100,1,1,270,0.46,25,4.74,1.43,3,21,0,8,62.6
150,1,1,180,0.48,19,2.69,1.52,3,0,0,61,47.9
100,2,2,28,0.34,19,5.22,1.5,1,55,0,0,47.5
150,1,1,90,0.5,16,3.56,1.44,3,0,0,60,49.1
100,2,4,3,0.32,25,3.15,1.46,3,0,0,0,39.3
250,1,1,28,0.67,40,13,3,3,0,0,40,17.21
150,1,1,28,0.48,20,4.28,1.63,3,0,0,0,32.35
150,1,1,7,0.5,20,4.57,1.5,3,30,0,20,20.0663
100,1,1,7,0.28,20,3.16,2.22,6,0,0,0,69.3448
100,2,4,3,0.27,25,2.53,1.59,3,0,0,0,54.4
150,1,1,3,0.5,20,4.57,1.5,3,30,0,20,9.45623
200,1,1,28,0.59,80,12,3,3,0,0,60,21.72
150,1,1,119,0.75,19,5.93,1.52,3,0,0,30,35.8
150,1,1,14,0.57,19,3.87,1.52,3,0,0,50,26.6
100,1,1,28,0.34,31.5,2.9,1.88,3,43,0,0,52.82
150,1,1,28,0.5,16,5.23,1.44,3,0,0,40,55.9
150,1,1,7,0.3,16,5.76,1.44,3,0,0,40,64.2
150,1,1,63,0.57,19,3.87,1.52,3,0,0,50,40.9
250,1,1,28,0.51,40,10,3,3,0,0,50,27.02
100,1,1,3,0.27,25,2.83,1.83,5,40,10,0,68.427
100,2,2,28,0.38,19,4.11,1.5,1,55,0,0,30.7
100,1,1,91,0.39,20,4.73,2.85,6,0,0,0,73.9869
150,1,1,119,0.88,19,7.37,1.52,3,0,0,0,23.7
100,3,2,28,0.5,19,4.06,0.74,1,0,0,0,43.5
150,1,1,180,0.44,19,2.1,1.52,3,0,0,61,55.2
100,1,1,3,0.24,25,2.83,1.83,5,20,10,0,73.0851
50,3,2,28,0.5,13,5.02,1.16,3,0,0,0,47.2
150,1,1,28,0.47,20,4.52,1.63,3,0,10,0,66.4
150,1,1,28,0.5,16,4.34,1.44,3,0,0,0,51.4
100,1,1,3,0.24,25,2.83,1.83,5,10,10,0,74.8227
100,3,2,3,0.6,19,4.62,0.85,1,15,0,0,17.4
150,1,1,28,0.3,16,4.88,1.44,3,0,0,0,80.7
100,1,1,28,0.21,25,2.83,1.83,5,20,10,0,97.8723
150,1,1,7,0.3,16,4.79,1.44,3,0,0,80,48.5
150,1,1,28,0.5,16,5.27,1.44,3,0,0,0,53.6
100,2,2,28,0.6,20,5.95,1.03,3,0,0,0,23.91
100,1,1,180,0.3,10,3.61,1.51,1,0,5,0,99.3
250,1,1,28,0.51,80,10,3,3,0,0,40,25.49
100,3,2,180,0.6,19,5.26,0.28,4,10,0,0,45.4
150,1,1,365,0.74,19,5.93,1.52,3,0,0,42,38.4
100,2,4,7,0.27,25,2.5,1.59,3,0,0,50,69.2
100,2,2,28,0.7,14,7.58,1.05,3,0,0,0,13.61
150,1,1,119,0.47,19,2.56,1.52,3,0,0,56,53.7
150,1,1,360,0.4,16,3.8,1.44,3,0,0,80,58.9
100,3,2,7,0.5,19,3.88,0.8,1,75,0,0,4.1
100,1,1,56,0.21,25,2.83,1.83,5,40,10,0,103.82
150,2,2,28,0.51,25,3.3,2.23,2,0,0,0,22.88
100,1,1,56,0.4,20,3.46,1.68,1,15,0,0,63.4
150,1,1,28,0.28,20,2.86,1.63,3,20,0,0,78.7
150,1,1,28,0.5,20,4.57,1.5,3,0,0,70,38.8158
150,1,1,360,0.4,16,3.89,1.44,3,0,0,0,79.4
100,3,2,28,0.4,19,4.05,0.21,4,30,0,0,42.8
450,2,2,226,0.45,20,4.05,1.35,3,16,0,0,34.68
150,1,1,28,0.67,40,13,3,3,0,0,30,18.89
150,1,1,365,0.59,19,4.15,1.52,3,0,0,30,53.8
150,1,1,28,0.55,25,5.09,1.86,2,0,0,0,28.15
200,1,1,28,0.59,40,12,3,3,0,0,40,24.28
100,1,1,7,0.38,31.5,3.83,2.11,1,70,0,0,10.463
100,1,1,3,0.46,20,5.84,2.57,6,0,0,0,26.2874
100,1,1,180,0.3,10,3.54,1.59,1,25,0,0,107.8
100,1,1,3,0.3,10,3.54,1.59,1,25,0,0,48
100,2,2,3,0.5,14,4.48,1.28,3,0,0,0,23.2
150,1,1,7,0.5,20,4.57,1.5,3,0,0,0,25.48
250,1,1,28,0.51,80,10,3,3,0,0,0,24.48
100,1,1,7,0.5,20,4.1,2.06,1,45,0,0,18.4
100,2,3,28,0.37,30,4.19,1.5,3,0,0,0,38.47
150,1,1,365,0.6,19,4.15,1.52,3,0,0,0,46.3
150,1,1,365,0.47,19,2.56,1.52,3,0,0,50,66.7
100,1,1,90,0.3,20,3.6,1.94,3,0,0,0,79.94
250,1,1,28,0.71,80,14,3,3,0,0,0,16.21
150,1,1,360,0.3,16,5.71,1.44,3,0,0,80,74.7
100,3,2,3,0.6,19,4.75,0.81,1,0,0,0,22.5
150,1,1,3,0.4,16,5.47,1.44,3,0,0,60,27.3
150,2,2,90,0.45,20,4.05,1.35,3,16,0,0,50
150,1,1,7,0.47,19,2.56,1.52,3,0,0,56,29.5
150,1,1,3,0.4,16,4.55,1.44,3,0,0,60,26
150,1,1,7,0.3,16,4.09,1.44,3,0,0,60,63.2
100,1,1,7,0.54,20,5.52,1.86,3,0,0,0,26.9
150,3,2,28,0.28,13,2.77,1.36,3,0,11,0,78.1
100,1,1,3,0.77,20,10.47,0.91,6,0,0,0,11.825
100,1,1,3,0.24,10,4.19,1.32,1,0,0,0,70
150,2,2,28,0.5,25,4.86,1.27,3,0,0,0,33.47
100,2,2,56,0.37,19,4.67,1.5,1,55,0,0,62.1
100,1,1,28,0.3,20,3.6,1.94,3,0,50,0,80.93
150,1,1,14,0.28,20,2.86,1.63,3,20,0,0,74.8
150,1,1,28,0.44,19,2.1,1.52,3,0,0,61,37.5
100,1,1,120,0.46,25,4.74,1.43,3,21,0,8,50.4
150,1,1,119,0.74,19,5.93,1.52,3,0,0,42,34.8
100,1,1,7,0.4,20,4.48,1.82,1,40,5,0,20.5
150,1,1,28,0.14,1.25,1.63,6,3,0,18.5,0,87.35
100,3,2,7,0.32,19,3.18,0.17,4,10,0,0,51.9
100,1,1,28,0.5,20,4.11,2.05,1,40,5,0,38.7
250,3,2,160,0.45,20,4.05,1.35,3,16,0,0,35.85
100,1,1,3,0.77,20,10.47,1.73,6,0,0,0,16.8
100,3,2,356,0.35,19,3.56,0.19,4,0,0,0,68.8
100,2,2,7,0.34,19,5.22,1.5,1,55,0,0,31.1
100,1,1,7,0.24,10,2.13,1.32,1,0,0,0,79.5
100,1,1,90,0.19,10,2.79,1.48,1,0,0,0,114.5
150,1,1,360,0.5,16,4.28,1.44,3,0,0,60,56
100,3,2,7,0.55,19,4.81,0.25,4,30,0,0,18.3
150,1,1,360,0.3,16,4.85,1.44,3,0,0,20,97.1
100,2,2,3,0.4,20,3,1.34,3,0,0,0,35.1
100,1,1,90,0.3,20,3.6,1.94,3,0,50,0,83.76
100,3,2,28,0.35,13,3.41,1.26,3,0,0,0,66
100,2,2,28,0.5,20,4.17,1.97,1,25,0,0,35.2
100,2,2,28,0.38,16,3.17,1.25,1,0,0,0,41.1111
150,1,1,90,0.3,20,3.6,1.94,3,0,50,0,74.4
100,2,2,28,0.7,14,6.61,1.14,3,0,0,0,18.6
100,2,4,3,0.27,25,2.51,1.59,3,0,0,30,52.7
100,1,1,3,0.5,20,3.36,1.92,1,15,0,0,23.3
100,2,2,91,0.38,19,4.16,1.5,1,55,0,0,43.9
100,3,2,28,0.5,25,4.86,1.27,4,0,0,0,35.97
100,1,1,56,0.5,12.5,5.47,1.18,5,0,0,0,49.91
100,1,1,28,0.32,31.5,3.49,1.63,3,35,0,0,54.6
100,3,2,356,0.6,19,5.17,0.27,4,30,0,0,43.2
150,1,1,14,0.6,19,4.11,1.52,3,0,0,56,20.1
150,1,1,28,0.5,20,4.57,1.5,3,0,0,0,40.01
100,2,2,28,0.39,19,5.16,1.5,1,55,0,0,32.7
150,1,1,7,0.5,16,3.56,1.44,3,0,0,60,20.8
350,3,2,221,0.45,20,4.05,1.35,3,16,0,0,37.68
100,1,1,7,0.4,20,4.45,1.86,1,55,0,0,19.8
100,3,2,7,0.5,19,4,0.77,1,30,0,0,24.1
150,1,1,28,0.5,16,3.6,1.44,3,0,0,20,50.4
100,2,2,56,0.5,20,3.36,1.92,1,15,0,0,46.7
150,1,1,3,0.3,16,4.79,1.44,3,0,0,80,24.5
100,2,4,7,0.42,25,4.37,1.24,3,0,0,30,30.2
100,1,1,56,0.24,25,2.83,1.83,5,0,10,40,101.685
300,1,1,28,0.71,80,14,3,3,0,0,0,15.4
100,1,1,3,0.28,20,1.93,1.22,6,0,0,0,61.3861
150,1,1,3,0.28,20,2.86,1.63,3,20,10,0,53
150,1,1,3,0.5,20,4.57,1.5,3,0,0,50,9.47368
100,3,2,3,0.55,19,4.13,0.85,1,75,0,0,2.6
150,1,1,90,0.5,16,5.21,1.44,3,0,0,60,58.3
100,1,1,28,0.21,25,2.83,1.83,5,30,10,0,97.9947
200,1,1,28,0.67,80,13,3,3,0,0,30,17.4
150,1,1,119,0.57,19,3.88,1.52,3,0,0,42,51.7
150,1,1,360,0.3,16,4.81,1.44,3,0,0,60,89.2
100,1,1,28,0.51,40,10,3,3,0,0,30,32.34
100,1,1,3,0.24,25,2.83,1.83,5,40,10,0,68.764
150,3,2,28,0.5,25,4.86,1.27,4,0,0,0,33.6
150,1,1,3,0.5,16,3.58,1.44,3,0,0,40,16.7
100,1,1,7,0.5,20,3.36,1.92,1,15,0,0,32.3
100,3,2,21,0.6,19,4.62,0.85,1,15,0,0,26.9
100,1,1,1,0.39,20,4.73,1.12,6,0,0,0,29.819
150,1,1,365,0.52,19,3.2,1.52,3,0,0,56,50.7
150,1,1,7,0.89,19,7.55,1.52,3,0,0,0,16.1
200,1,1,28,0.59,80,12,3,3,0,0,50,22.31
100,1,1,56,0.21,25,2.83,1.83,5,30,10,0,104.711
100,2,2,3,0.6,14,5.55,1.19,3,0,0,0,16.3
100,3,2,28,0.5,13,5.02,1.16,3,0,0,0,45.68
150,1,1,7,0.4,16,3.89,1.44,3,0,0,0,59.2
150,2,2,114,0.45,20,4.05,1.35,3,16,0,0,50
150,1,1,360,0.5,16,4.34,1.44,3,0,0,0,64.1
250,1,1,28,0.59,80,12,3,3,0,0,60,20.19
150,1,1,28,0.35,13,3.41,1.26,3,0,0,0,68.05
150,1,1,3,0.5,16,4.34,1.44,3,0,0,0,26.2
200,1,1,28,0.35,20,3.01,1.63,3,0,0,0,51.48
150,1,1,28,0.18,16,2.92,1.22,1,0,9,0,83.3896
100,3,2,21,0.55,19,4.08,0.87,1,60,0,0,11.6
100,1,1,90,0.4,20,4.45,1.86,1,55,0,0,52.9
100,1,1,3,0.24,25,2.83,1.83,5,30,10,0,71.284
100,1,1,91,0.28,20,3.18,3.14,6,0,0,0,85.4
100,3,2,3,0.6,19,5.17,0.27,4,30,0,0,7.2
150,1,1,3,0.39,20,4.24,1.57,3,7,0,0,40.8
200,1,1,28,0.37,20,4.19,1.5,3,0,0,0,41.11
100,1,1,28,0.58,20,7.15,1.5,3,0,0,0,25.17
100,3,2,28,0.71,25,7.72,1.27,4,0,0,0,17.98
100,1,1,91,0.77,20,10.47,0.91,6,0,0,0,22.6294
150,1,1,7,0.5,20,4.57,1.5,3,20,0,30,17.0955
100,2,2,3,0.5,14,4.28,1.64,3,0,0,0,20.8
100,3,2,7,0.35,19,3.51,0.18,4,10,0,0,50.2
100,3,2,28,0.27,19,2.58,0.14,4,30,0,0,51.9
100,2,2,3,0.6,14,5.07,0.85,3,0,0,0,18.1
100,2,2,28,0.5,14,4.09,1.38,3,0,0,0,32.5
150,2,1.67,28,0.38,16,3.17,1.25,1,0,0,0,38.2551931
150,1,1,360,0.3,16,4.88,1.44,3,0,0,0,89.9
100,2,2,91,0.38,19,4.17,1.5,1,55,0,0,48
100,2,2,3,0.6,20,5.41,1.77,3,0,0,0,16.5
100,1,1,3,0.27,25,2.83,1.83,5,0,10,10,76.9031
200,1,1,28,0.51,40,10,3,3,0,0,40,29.09
100,1,1,90,0.3,10,5.95,1.55,1,15,0,0,99.6
100,1,1,3,0.5,20,4.24,1.87,1,0,5,0,27.4
100,1,1,28,0.37,20,4.19,1.5,3,0,0,0,46.4
100,1,1,28,0.4,20,3.46,1.68,1,15,0,0,56
150,3,2,28,0.5,13,5.02,1.16,3,0,0,0,42.9
100,1,1,90,0.3,10,3.54,1.58,1,20,5,0,90.3
100,3,2,3,0.6,19,5.22,0.27,4,20,0,0,10.2
100,1,1,3,0.27,25,2.83,1.83,5,30,10,0,70.2254
150,1,1,28,0.74,19,5.93,1.52,3,0,0,42,27
100,1,1,28,0.44,31.5,3.83,2.11,1,0,0,0,49.85
100,1,1,56,0.5,20,3.36,1.92,1,15,0,0,55.7
100,2,2,28,0.38,19,4.17,1.5,1,55,0,0,34.9
200,1,1,28,0.5,20,4.82,1.5,3,0,0,0,33.2
150,1,1,3,0.3,16,4.84,1.44,3,0,0,40,48.5
100,2,4,3,0.32,25,3.13,1.46,3,0,0,30,40.5
150,1,1,28,0.3,16,5.74,1.44,3,0,0,60,73.3
100,1,1,90,0.3,10,6.03,1.5,1,0,0,0,95.7
100,1,1,56,0.21,25,2.83,1.83,5,0,10,30,103.441
100,2,4,7,0.27,25,2.53,1.59,3,0,0,0,63.3
100,1,1,7,0.29,31.5,2.9,1.88,3,43,0,0,45.27
150,1,1,90,0.3,16,5.71,1.44,3,0,0,80,70.6
100,3,2,7,0.4,19,4.1,0.22,4,20,0,0,38
150,1,1,14,0.5,20,4.57,1.5,3,0,0,50,32.5
150,1,1,90,0.4,16,3.8,1.44,3,0,0,80,54.6
100,3,2,3,0.4,19,4.14,0.22,4,10,0,0,31.5
100,2,2,28,0.23,16,3.17,1.25,1,0,0,0,58.6325
100,1,1,90,0.4,20,4.61,1.68,1,0,5,0,73.7
150,1,1,28,0.41,25,3.57,2.23,2,0,0,0,42.7
150,1,1,28,0.57,19,3.88,1.52,3,0,0,42,41.4
150,1,1,180,0.66,19,4.9,1.52,3,0,0,50,40.8
200,1,1,28,0.18,16,2.92,1.22,1,0,9,0,82.3723
100,2,2,28,0.4,20,3.69,2.01,3,0,0,0,35.7
150,1,1,90,0.3,16,4.81,1.44,3,0,0,60,79
100,3,2,28,0.32,19,3.23,0.17,4,0,0,0,62.1
100,2,2,28,0.5,14,4.27,0.71,3,0,0,0,26.3
100,1,1,28,0.24,25,2.83,1.83,5,0,10,30,95.5609
100,1,1,14,0.3,20,3.6,1.94,3,0,0,0,58.13
150,1,1,3,0.4,16,3.8,1.44,3,0,0,80,22.6
100,1,1,3,0.5,20,4.11,2.05,1,40,5,0,11.4
100,3,2,56,0.5,19,4,0.75,1,15,0,0,40.1
150,1,1,28,0.28,20,2.86,1.63,3,20,10,0,84.2
100,2,2,28,0.43,19,4.16,1.5,1,0,0,0,50.7
150,1,1,3,0.47,20,4.52,1.63,3,0,0,0,35
150,1,1,28,0.64,19,4.73,1.52,3,0,0,42,34
100,1,1,14,0.44,31.5,3.83,2.11,1,0,0,0,42.899
150,1,1,63,1.01,19,8.86,1.52,3,0,0,18,19.3
100,1,1,3,0.3,10,3.44,1.71,1,55,0,0,22.3
100,1,1,56,0.27,25,2.83,1.83,5,20,10,0,105.957
150,1,1,63,0.59,19,4.15,1.52,3,0,0,30,45.9
150,1,1,90,0.4,16,3.87,1.44,3,0,0,20,82.3
100,1,1,7,0.27,25,2.83,1.83,5,20,10,0,77.5532
150,1,1,7,0.6,19,4.11,1.52,3,0,0,56,18.5
150,1,1,7,0.5,16,5.23,1.44,3,0,0,40,36.9
100,2,4,1,0.32,25,3.12,1.46,3,0,0,50,10
100,3,2,7,0.6,19,5.22,0.27,4,20,0,0,18
100,1,1,28,0.44,31.5,3.83,2.11,1,70,0,0,11.98
150,1,1,365,0.43,19,2.06,1.52,3,0,0,56,67.2
150,1,1,14,0.47,19,2.56,1.52,3,0,0,50,38.1
100,1,1,28,0.5,20,4.17,1.97,1,25,0,0,41.7
150,1,1,90,0.5,16,4.33,1.44,3,0,0,20,61.4
150,1,1,119,1.02,19,9,1.52,3,0,0,0,18.3
150,1,1,180,0.47,19,2.56,1.52,3,0,0,56,60.2
150,1,1,63,0.74,19,5.93,1.52,3,0,0,42,31.7
150,1,1,14,0.52,19,3.2,1.52,3,0,0,56,26.3
100,2,2,3,0.5,14,4.28,1.08,3,0,0,0,23.6
150,1,1,63,0.51,19,3.13,1.52,3,0,0,50,48.5
100,2,2,28,0.28,13,2.77,1.36,3,0,11,0,70.25
100,1,1,56,0.3,10,5.95,1.55,1,15,0,0,94.8
150,1,1,3,0.3,16,4.11,1.44,3,0,0,40,49.8
100,1,1,56,0.27,25,2.83,1.83,5,40,10,0,97.9775
150,1,1,28,0.3,16,5.76,1.44,3,0,0,40,81
100,1,1,3,0.4,20,4.55,1.75,1,20,5,0,28.9
100,2,8,7,0.4,20,3.78,1.34,4,0,0,0,46.6
100,3,2,28,0.55,19,4.81,0.25,4,30,0,0,30.9
150,1,1,14,0.76,19,5.99,1.52,3,0,0,18,22.9
100,2,2,3,0.6,20,4.94,1.76,3,0,0,0,21.5
100,2,2,28,0.5,14,4.09,0.9,3,0,0,0,32.91
150,1,1,365,0.51,19,3.24,1.52,3,0,0,42,64.5
100,2,4,180,0.42,25,4.36,1.24,3,0,0,50,54.3
100,2,2,28,0.4,20,4.61,1.68,1,0,5,0,64.8
100,2,2,3,0.38,19,4.16,1.5,1,55,0,0,15.7
100,2,2,56,0.38,19,4.16,1.5,1,55,0,0,39
100,1,1,7,0.3,10,3.47,1.67,1,45,0,0,49.2
150,1,1,7,1.02,19,9,1.52,3,0,0,0,12.4
100,3,2,28,0.35,19,3.47,0.18,4,20,0,0,56
150,2,1.67,28,0.23,16,3.17,1.25,1,0,0,0,57.86526485
100,1,1,56,0.5,20,4.17,1.96,1,20,5,0,60.7
100,3,2,14,0.55,19,4.28,0.81,1,0,0,0,30.9
150,1,1,7,0.4,16,4.55,1.44,3,0,0,60,45.6
100,1,1,28,0.4,20,4.55,1.75,1,20,5,0,62.3
150,2,3,7,0.5,40,8.48,1.94,3,35,0,0,10.73
150,1,1,28,0.5,16,4.26,1.44,3,0,0,80,25.3
150,2,2,90,0.3,20,3.6,1.94,3,0,50,0,60.3
200,2,2,365,0.36,20,3.33,0.54,4,0,0,0,42.7
150,1,1,28,0.5,16,4.28,1.44,3,0,0,60,40.1
100,1,1,3,0.3,10,2.34,1.5,1,0,0,0,64.9
100,1,1,3,0.36,12.5,3.75,1.35,5,0,0,0,40.5
100,3,2,28,0.55,19,4.13,0.85,1,45,0,0,19.6
100,3,2,180,0.32,19,3.18,0.17,4,10,0,0,75.4
100,1,1,7,0.19,10,2.27,1.52,1,45,0,0,56.4
150,1,1,28,0.5,16,4.33,1.44,3,0,0,20,52.6
100,1,1,28,0.35,20,4.66,1.66,3,8,0,15,68.5
100,3,2,14,0.5,19,3.92,0.8,1,60,0,0,11.9
100,3,2,3,0.55,19,4.91,0.26,4,20,0,0,14.6
150,1,1,14,0.5,20,4.57,1.5,3,20,0,30,27.5995
150,1,1,360,0.4,16,3.84,1.44,3,0,0,40,84.6
150,1,1,7,0.28,20,2.86,1.63,3,20,0,0,61.5
150,1,1,365,0.66,19,4.9,1.52,3,0,0,50,40.8
100,2,4,90,0.27,25,2.53,1.59,3,0,0,0,80.7
250,3,2,90,0.45,20,4.05,1.35,3,16,0,0,37.68
100,2,2,56,0.5,20,4.17,1.97,1,25,0,0,43.6
150,1,1,360,0.5,16,5.19,1.44,3,0,0,80,39.1
100,2,4,3,0.37,25,3.75,1.35,3,0,0,30,27.2
150,1,1,28,0.75,19,5.93,1.52,3,0,0,30,30
100,1,1,7,0.28,20,1.93,1.22,6,0,0,0,68.9604
150,1,1,3,0.5,20,4.57,1.5,3,0,0,40,9.47368
100,1,1,180,0.4,20,4.55,1.75,1,20,5,0,76
150,1,1,28,0.42,20,3.89,1.7,2,0,0,0,34.73
150,1,1,119,1.01,19,8.86,1.52,3,0,0,18,20
100,3,2,28,0.32,19,3.1,0.16,4,30,0,0,44.2
150,1,1,365,0.86,19,7.2,1.52,3,0,0,18,28.9
200,1,1,28,0.28,13,2.77,1.36,3,0,11,0,57
150,1,1,28,0.23,16,3.17,1.25,1,0,0,0,58.32288913
150,1,1,119,0.43,19,2.06,1.52,3,0,0,56,59.9
150,1,1,360,0.5,16,5.23,1.44,3,0,0,40,71.7
250,1,1,28,0.67,80,13,3,3,0,0,30,16.25
100,3,2,356,0.27,19,2.58,0.14,4,30,0,0,78.6
400,2,2,365,0.36,20,3.33,0.54,4,0,0,0,37.03
250,1,1,28,0.67,40,13,3,3,0,0,60,16.95
150,1,1,365,0.41,19,1.67,1.52,3,0,0,61,62.4
100,1,1,3,0.28,20,3.16,2.22,6,0,0,0,63.3448
300,1,1,28,0.62,80,12,3,3,0,0,0,19.88
100,1,1,90,0.23,10,2.48,1.44,1,45,0,0,107.2
100,1,1,28,0.19,10,2.74,1.5,1,25,0,0,102.3
100,3,2,3,0.6,19,5.26,0.28,4,10,0,0,13.1
100,3,2,3,0.55,19,4.28,0.81,1,0,0,0,26.8
100,3,2,90,0.4,19,4.14,0.22,4,10,0,0,57.5
150,1,1,90,0.5,16,5.26,1.44,3,0,0,20,65.4
150,1,1,360,0.3,16,4.09,1.44,3,0,0,60,101.3
150,1,1,28,1.02,19,9,1.52,3,0,0,0,17.5
150,1,1,90,0.3,16,5.74,1.44,3,0,0,60,81.2
250,1,1,28,0.51,80,10,3,3,0,0,50,25.06
150,1,1,28,0.5,16,3.53,1.44,3,0,0,80,27.7
100,2,2,56,0.3,10,3.54,1.58,1,20,5,0,86.5
100,1,1,91,0.39,20,4.73,1.73,6,0,0,0,71.6832
100,3,2,1,0.5,19,3.92,0.8,1,60,0,0,4.4
150,1,1,28,0.47,19,2.56,1.52,3,0,0,56,41.5
100,2,4,180,0.37,25,3.77,1.35,3,0,0,0,60.7
100,1,1,7,0.3,10,3.54,1.59,1,25,0,0,65.7
150,1,1,28,0.3,16,5.79,1.44,3,0,0,20,81.4
50,1,1,28,0.28,13,2.77,1.36,3,0,11,0,94.1
100,3,2,7,0.6,19,5.17,0.27,4,30,0,0,13.5
100,1,1,14,0.44,31.5,3.83,2.11,1,50,0,0,20.441
100,1,1,28,0.3,10,3.61,1.51,1,0,5,0,87.8
100,3,2,90,0.35,19,3.56,0.19,4,0,0,0,59.7
150,1,1,119,0.66,19,4.9,1.52,3,0,0,50,36.5
100,1,1,56,0.27,25,2.83,1.83,5,10,10,0,104.137
100,1,1,90,0.4,20,4.48,1.82,1,45,0,0,61.2
150,1,1,7,0.5,40,8.48,1.94,3,35,0,0,16.45
100,3,2,356,0.27,19,2.67,0.14,4,10,0,0,87.4
150,1,1,14,0.28,20,2.86,1.63,3,20,10,0,76.1
150,1,1,90,0.5,16,4.34,1.44,3,0,0,0,56.8
100,2,4,3,0.37,25,3.74,1.35,3,0,0,50,22.2
200,1,1,28,0.59,80,12,3,3,0,0,40,22.96
150,1,1,119,0.86,19,7.2,1.52,3,0,0,18,26.7
100,1,1,91,0.39,20,4.73,2.35,6,0,0,0,67.7
100,3,2,21,0.6,19,4.61,0.86,1,45,0,0,12.1
100,1,1,28,0.21,25,2.83,1.83,5,0,10,10,94.4917
100,1,1,3,0.28,20,3.17,1.35,6,0,0,0,64.1724
100,3,2,56,0.55,19,4.21,0.82,1,30,0,0,27
100,2,4,90,0.37,25,3.74,1.35,3,0,0,50,58.6
150,1,1,3,0.3,16,5.71,1.44,3,0,0,80,22
100,1,1,3,0.19,10,2.27,1.52,1,45,0,0,41.7
100,1,1,28,0.28,13,2.77,1.36,3,0,11,0,81.97
100,2,4,3,0.32,25,3.12,1.46,3,0,0,50,35.4
100,1,1,91,0.77,20,10.47,2.02,6,0,0,0,25.6408
150,1,1,180,0.88,19,7.37,1.52,3,0,0,0,25.9
100,2,2,91,0.38,19,4.11,1.5,1,55,0,0,44.6
250,1,1,28,0.59,40,12,3,3,0,0,60,21.94
100,2,2,3,0.7,14,6.61,1.14,3,0,0,0,11.6
100,1,1,7,0.3,10,3.61,1.51,1,0,5,0,75.5
150,1,1,63,0.52,19,3.2,1.52,3,0,0,56,40.7
100,3,2,28,0.6,19,4.62,0.85,1,30,0,0,21.3
150,1,1,28,0.5,16,3.58,1.44,3,0,0,40,49.3
150,1,1,28,0.75,20,7.66,1.78,3,0,0,0,12.9
100,1,1,28,0.3,20,3.24,1.62,6,30,0,0,84.5
100,2,2,28,0.6,20,4.94,1.76,3,0,0,0,27.3
150,1,1,28,0.59,20,5.9,1.5,3,0,0,0,43.7
100,2,2,56,0.35,19,5.03,1.5,1,55,0,0,51.3
300,1,1,28,0.67,80,13,3,3,0,0,40,15.31
150,1,1,7,0.59,20,5.9,1.5,3,0,10,0,36.5
100,2,2,28,0.5,20,4.24,1.87,1,0,5,0,46.8
150,1,1,90,0.4,16,5.51,1.44,3,0,0,20,73.7
150,1,1,28,0.6,19,4.15,1.52,3,0,0,0,40.4
150,1,1,28,0.4,16,3.89,1.44,3,0,0,0,64.3
100,1,1,180,0.4,20,4.61,1.68,1,0,5,0,74.5
150,1,1,28,0.47,20,4.52,1.63,3,0,0,0,59.5
100,3,2,7,0.6,19,4.62,0.85,1,15,0,0,19.8
100,1,1,28,0.59,40,12,3,3,0,0,60,25.14
100,1,1,90,0.6,31.5,6.04,1.22,3,0,0,0,46.03
100,1,1,3,0.51,20,3.28,1,6,0,0,0,45.9281
100,3,2,356,0.55,19,4.81,0.25,4,30,0,0,48.2
100,1,1,28,0.4,20,4.45,1.86,1,55,0,0,37.3
100,2,2,56,0.34,19,4.95,1.5,1,55,0,0,58.2
100,3,2,7,0.32,19,3.14,0.17,4,20,0,0,46.6
100,1,1,7,0.3,10,3.44,1.71,1,55,0,0,36.4
100,2,2,56,0.3,10,6.03,1.5,1,0,0,0,86.5
200,2,2,28,0.58,30,7.15,1.5,3,0,0,0,17.79
150,1,1,90,0.56,25,5.3,1.33,3,25,0,0,54.2
100,1,1,7,0.24,25,2.83,1.83,5,30,10,0,73.3016
150,1,1,180,0.55,19,3.49,1.52,3,0,0,61,38.7
100,1,1,120,0.46,25,4.74,1.43,5,29,0,0,50.5
150,1,1,180,0.66,19,4.92,1.52,3,0,0,0,40
150,1,1,14,0.59,20,5.9,1.5,3,0,10,0,47
150,2,2,28,0.23,16,3.17,1.25,1,0,0,0,57.6353
100,1,1,180,0.3,10,3.44,1.71,1,55,0,0,79.9
100,3,2,90,0.6,19,5.22,0.27,4,20,0,0,37.2
100,2,2,28,0.6,14,4.88,1.23,3,0,0,0,31
400,2,4,365,0.36,20,3.33,0.54,4,0,0,0,31.5
100,1,1,180,0.5,20,4.17,1.96,1,20,5,0,68
150,1,1,360,0.5,16,3.56,1.44,3,0,0,60,57.4
150,1,1,7,0.44,19,2.1,1.52,3,0,0,61,26.6
100,3,2,180,0.27,19,2.58,0.14,4,30,0,0,70.8
100,1,1,3,0.21,25,2.83,1.83,5,10,10,0,75.6738
150,1,1,28,0.38,16,3.17,1.25,1,0,0,0,38.58825315
100,3,2,356,0.55,19,4.95,0.26,4,10,0,0,51.8
100,2,4,28,0.32,25,3.12,1.46,3,0,0,50,66.7
150,1,1,14,0.68,19,5.08,1.52,3,0,0,18,26.7
100,1,1,7,0.21,25,2.83,1.83,5,10,10,0,80.4019
150,1,1,119,1.19,19,11.05,1.52,3,0,0,0,13.6
150,1,1,14,0.51,19,3.13,1.52,3,0,0,50,33
150,1,1,7,0.5,16,4.34,1.44,3,0,0,0,34.9
100,1,1,90,0.56,25,5.3,1.33,3,25,0,0,52.5
100,1,1,7,0.24,25,2.83,1.83,5,10,10,0,74.6336
100,3,2,180,0.6,19,5.31,0.28,4,0,0,0,41.6
100,3,2,7,0.27,19,2.67,0.14,4,10,0,0,56.6
100,3,2,180,0.4,19,4.18,0.22,4,0,0,0,60.4
100,2,2,1,0.38,19,2.2,1.5,1,55,0,0,10.3
150,1,1,365,0.57,19,3.87,1.52,3,0,0,50,50.5
100,3,2,180,0.32,19,3.23,0.17,4,0,0,0,71.2
250,1,1,28,0.52,80,10,3,3,0,0,0,25.61
100,1,1,28,0.28,20,1.93,1.22,6,0,0,0,72.5248
100,3,2,356,0.4,19,4.1,0.22,4,20,0,0,65.4
150,2,1.33,28,0.18,16,2.92,1.22,1,0,9,0,72.23754509
100,1,1,28,0.18,20,3.14,1.5,3,0,16,0,73.16
150,2,2,28,0.46,25,3.44,2.23,2,0,0,0,30.91
150,2,2,28,0.58,30,7.15,1.5,3,0,0,0,18.78
100,3,2,14,0.6,19,4.62,0.85,1,30,0,0,18.5
100,2,2,28,0.4,20,4.54,1.75,1,25,0,0,44.1
100,3,2,21,0.6,19,4.62,0.85,1,30,0,0,20.1
70,1,1,28,1.57,16,10.19,1.33,3,0,0,0,30.89
150,1,1,119,0.6,19,4.15,1.52,3,0,0,0,42.4
100,3,2,180,0.32,19,3.14,0.17,4,20,0,0,78.1
100,2,2,28,0.5,20,4.17,1.96,1,20,5,0,46.8
150,1,1,90,0.3,20,3.6,1.94,3,0,0,0,60
100,2,2,28,0.5,14,4.48,1.28,3,0,0,0,30.7
150,1,1,365,0.8,19,6.44,1.52,3,0,0,0,31.2
100,1,1,7,0.5,12.5,5.47,1.18,5,0,0,0,24.5
100,1,1,56,0.21,25,2.83,1.83,5,0,10,40,105.393
150,1,1,14,0.57,19,3.88,1.52,3,0,0,42,32.4
150,1,1,7,0.5,16,5.21,1.44,3,0,0,60,28.7
100,3,2,3,0.27,19,2.67,0.14,4,10,0,0,49.9
100,3,2,90,0.55,19,5,0.26,4,0,0,0,40.2
100,1,1,3,0.39,20,4.73,2.85,6,0,0,0,50.7655
100,1,1,7,0.53,20,7.45,3.54,6,0,0,0,30.8383
100,1,1,7,0.32,31.5,3.49,1.63,3,35,0,0,42.38
150,1,1,360,0.5,16,3.62,1.44,3,0,0,0,60.2
150,1,1,90,0.5,16,3.62,1.44,3,0,0,0,50.5
100,3,2,90,0.55,19,4.91,0.26,4,20,0,0,43.5
100,3,2,28,0.25,19,2.17,1.01,1,0,0,0,70.9
150,1,1,360,0.3,16,5.8,1.44,3,0,0,0,90
100,1,1,180,0.46,25,4.74,1.43,3,21,0,8,58.2
100,3,2,180,0.55,19,4.91,0.26,4,20,0,0,50
100,2,2,7,0.38,19,4.17,1.5,1,55,0,0,22.7
100,1,1,3,0.28,20,3.31,2.69,6,0,0,0,53.5149
100,1,1,28,0.65,20,7.44,1.69,2,0,0,0,18.75
150,1,1,7,0.5,16,5.26,1.44,3,0,0,20,41.2
75,2,2,28,0.23,16,3.17,1.25,1,0,0,0,53.5043
100,1,1,28,0.3,10,3.48,1.66,1,40,5,0,71.1
150,1,1,3,0.4,16,4.53,1.44,3,0,0,80,22.2
100,2,2,7,0.34,19,4.95,1.5,1,55,0,0,42.2
250,1,1,28,0.59,80,12,3,3,0,0,50,20.66
100,1,1,56,0.21,25,2.83,1.83,5,20,10,0,109.255
150,1,1,7,0.3,16,4.13,1.44,3,0,0,20,72.1
150,2,0.67,28,0.18,16,3.71,1.22,1,0,9,0,72.80468066
100,1,1,56,0.4,20,4.48,1.82,1,45,0,0,54.1
100,3,2,356,0.35,19,3.47,0.18,4,20,0,0,75.3
100,1,1,3,0.3,20,3.6,1.94,3,0,30,0,60.99
100,1,1,1,0.77,20,10.47,1.73,6,0,0,0,10
150,1,1,28,0.57,19,3.87,1.52,3,0,0,50,34.9
100,1,1,56,0.36,12.5,3.75,1.35,5,0,0,50,65.23
100,1,1,56,0.27,25,2.83,1.83,5,30,10,0,102.383
150,3,2,115,0.45,20,4.05,1.35,3,16,0,0,39.52
150,1,1,7,0.28,20,2.86,1.63,3,20,0,0,60.4
100,3,2,28,0.55,19,4.13,0.85,1,75,0,0,6
150,1,1,63,0.76,19,5.99,1.52,3,0,0,18,30.3
100,2,4,90,0.32,25,3.15,1.46,3,0,0,0,70.6
100,1,1,28,0.5,20,3.36,1.92,1,15,0,0,48.9
50,2,2,28,0.28,13,2.77,1.36,3,0,11,0,84.73
150,1,1,28,0.41,20,4.15,1.5,3,13,0,0,53.1838
100,1,1,90,0.4,20,4.48,1.82,1,40,5,0,59.1
100,1,1,3,0.19,10,2.79,1.48,1,0,0,0,78
100,3,2,7,0.6,19,5.31,0.28,4,0,0,0,23.6
100,3,2,180,0.27,19,2.67,0.14,4,10,0,0,85.2
250,2,2,90,0.45,20,4.05,1.35,3,16,0,0,42.35
50,1,1,28,0.67,13,6.75,1.07,3,0,0,0,36.2
150,1,1,7,0.5,20,4.57,1.5,3,0,0,40,21.0526
200,1,1,28,0.51,40,10,3,3,0,0,50,28.88
100,2,4,180,0.37,25,3.74,1.35,3,0,0,50,61.9
200,2,2,28,0.67,13,6.75,1.07,3,0,0,0,25.65
100,2,2,7,0.4,20,4.73,1.34,4,0,0,0,47.3
100,3,2,7,0.32,19,3.23,0.17,4,0,0,0,52.2
100,1,1,7,0.44,31.5,3.83,2.11,1,0,0,0,35.973
100,1,1,3,0.5,12.5,5.47,1.18,5,0,0,0,22.26
250,1,1,28,0.67,80,13,3,3,0,0,60,15.57
100,1,1,56,0.3,20,3.6,1.94,3,0,30,0,82.43
150,1,1,28,0.71,40,14,3,3,0,0,0,18.85
100,3,2,28,0.6,19,5.26,0.28,4,10,0,0,33.8
150,1,1,90,0.3,16,4.13,1.44,3,0,0,20,90.1
100,3,2,90,0.27,19,2.71,0.14,4,0,0,0,73.8
100,3,2,7,0.55,19,4.13,0.85,1,45,0,0,12.9
100,1,1,90,0.19,10,2.74,1.5,1,25,0,0,123.6
150,1,1,365,0.87,19,7.36,1.52,3,0,0,30,30.5
100,1,1,91,0.29,20,4.62,4.3,6,0,0,0,83.2178
150,1,1,63,0.47,19,2.56,1.52,3,0,0,56,48.1
150,1,1,28,0.59,40,12,3,3,0,0,60,24.18
100,1,1,28,0.21,25,2.83,1.83,5,40,10,0,97.5281
150,1,1,28,0.58,20,7.15,1.5,3,0,0,0,22.38
150,1,1,28,0.17,20,3.17,1.5,3,0,15,0,65.18
100,2,2,28,0.77,25,8.46,1.27,3,0,0,0,14.27
100,1,1,7,0.3,10,5.95,1.55,1,15,0,0,66.4
50,2,2,28,0.5,13,5.02,1.16,3,0,0,0,49.47
100,1,1,3,0.21,25,2.83,1.83,5,0,10,40,76.6292
100,1,1,28,0.24,10,2.05,1.36,1,25,0,0,105.9
200,1,1,28,0.51,40,10,3,3,0,0,30,29.25
100,2,4,3,0.27,25,2.5,1.59,3,0,0,50,46.2
100,1,1,56,0.21,25,2.83,1.83,5,0,10,20,111.809
150,1,1,7,0.4,16,5.51,1.44,3,0,0,20,50.9
200,1,1,28,0.75,20,7.66,1.78,3,0,0,0,12.69
150,1,1,3,0.3,16,4.88,1.44,3,0,0,0,62.5
100,3,2,7,0.6,19,5.26,0.28,4,10,0,0,21.8
150,1,1,360,0.4,16,5.54,1.44,3,0,0,0,72.8
100,1,1,3,0.3,10,3.54,1.58,1,20,5,0,46.3
100,1,1,7,0.51,20,3.28,1,6,0,0,0,54.5509
100,1,1,1,0.28,20,1.93,1.22,6,0,0,0,49.9505
100,1,1,3,0.4,12.5,4.12,1.35,5,25,0,0,30.92
150,1,1,3,0.4,16,3.82,1.44,3,0,0,60,26.9
150,1,1,90,0.3,16,4.79,1.44,3,0,0,80,76.2
100,2,2,56,0.4,20,4.45,1.86,1,55,0,0,37.7
200,1,1,28,0.35,13,3.41,1.26,3,0,0,0,65.8
100,1,1,1,0.28,20,3.31,2.69,6,0,0,0,42.9703
100,2,2,28,0.6,20,5.41,1.77,3,0,0,0,23.8
100,1,1,28,0.26,31.5,3.49,1.63,3,35,0,0,52.46
100,1,1,56,0.5,20,4.07,2.11,1,55,0,0,33.7
100,2,2,56,0.5,20,4.07,2.11,1,55,0,0,30.4
250,1,1,28,0.51,80,10,3,3,0,0,30,25.81
150,1,1,28,0.48,19,2.69,1.52,3,0,0,61,31.8
100,2,2,28,0.42,25,3.72,1.26,3,0,0,0,43.2
100,1,1,180,0.5,20,4.24,1.87,1,0,5,0,66.3
100,1,1,91,0.39,20,4.73,1.12,6,0,0,0,62.678
100,2,2,28,0.5,20,3.4,1.86,1,0,0,0,42.6
150,1,1,90,0.3,16,4.14,1.44,3,0,0,0,85.7
100,1,1,180,0.5,20,3.4,1.86,1,0,0,0,60.6
150,1,1,28,0.5,16,4.3,1.44,3,0,0,40,51.6
100,1,1,90,0.19,10,2.27,1.52,1,45,0,0,109.2
100,1,1,28,0.23,16,3.17,1.25,1,0,0,0,61.695
100,1,1,28,0.35,13,3.41,1.26,3,0,0,0,73.13
100,2,4,90,0.37,25,3.75,1.35,3,0,0,30,57.8
100,2,4,3,0.42,25,4.37,1.24,3,0,0,30,19.5
100,2,2,7,0.39,19,5.16,1.5,1,55,0,0,21.2
100,1,1,7,0.77,20,10.47,1.34,6,0,0,0,15.7329
100,2,2,3,0.5,14,4.09,0.9,3,0,0,0,24.5
100,3,2,7,0.27,19,2.58,0.14,4,30,0,0,40
150,1,1,360,0.4,16,5.46,1.44,3,0,0,80,62.6
300,1,1,28,0.67,40,13,3,3,0,0,30,16.52
100,1,1,28,0.3,20,3.6,1.94,3,0,30,0,72.51
100,1,1,28,0.21,25,2.83,1.83,5,0,10,40,96.8539
200,1,1,28,0.37,20,4.23,1.53,3,0,0,0,41.23
200,1,1,28,0.51,80,10,3,3,0,0,40,27.77
100,1,1,360,0.46,25,4.74,1.43,3,29,0,0,51
100,3,2,7,0.55,19,4.08,0.87,1,60,0,0,7.8
100,1,1,28,0.3,10,3.47,1.67,1,45,0,0,71.8
150,1,1,360,0.3,16,4.14,1.44,3,0,0,0,92.8
100,1,1,56,0.24,25,2.83,1.83,5,20,10,0,107.66
100,1,1,180,0.46,25,4.74,1.43,3,29,0,0,46
150,1,1,28,0.41,20,4.15,1.5,3,13,0,4,54.5459
100,2,2,28,0.3,10,3.44,1.71,1,55,0,0,57.1
100,1,1,3,0.21,25,2.83,1.83,5,30,10,0,72.8713
150,2,1.33,28,0.38,16,3.17,1.25,1,0,0,0,38.31595662
150,1,1,3,0.59,20,5.9,1.5,3,0,0,0,27
150,1,1,119,0.87,19,7.36,1.52,3,0,0,30,28.1
150,1,1,360,0.4,16,4.59,1.44,3,0,0,20,76.4
150,1,1,3,0.3,16,4.85,1.44,3,0,0,20,51.4
100,1,1,28,0.59,40,12,3,3,0,0,30,26.24
100,1,1,7,0.28,20,3.18,3.14,6,0,0,0,69.7
100,3,2,3,0.27,19,2.62,0.14,4,20,0,0,44
100,3,2,180,0.55,19,4.95,0.26,4,10,0,0,49.6
100,1,1,28,0.24,25,2.83,1.83,5,0,10,40,90.7865
100,3,2,356,0.32,19,3.14,0.17,4,20,0,0,78.9
100,1,1,28,0.3,10,5.95,1.55,1,15,0,0,86
100,2,2,56,0.3,10,3.44,1.71,1,55,0,0,66.9
100,1,1,90,0.5,20,4.1,2.06,1,45,0,0,54.1
100,1,1,56,0.24,25,2.83,1.83,5,0,10,20,106.596
150,1,1,3,0.3,16,4.14,1.44,3,0,0,0,63.8
150,1,1,14,0.5,20,4.57,1.5,3,0,0,70,29.8684
100,1,1,28,0.4,20,4.48,1.82,1,40,5,0,44.6
100,3,2,28,0.47,25,4.27,1.27,4,0,0,0,38.14
150,1,1,7,0.4,16,4.56,1.44,3,0,0,40,50.6
100,1,1,3,0.19,10,2.74,1.5,1,25,0,0,66.8
100,3,2,356,0.6,19,5.31,0.28,4,0,0,0,42.5
100,2,4,90,0.27,25,2.5,1.59,3,0,0,50,86.2
250,1,1,28,0.59,40,12,3,3,0,0,40,22.81
100,2,2,3,0.7,14,7.58,1.05,3,0,0,0,8.51
100,1,1,3,0.4,20,3.5,1.63,1,0,0,0,35
150,1,1,7,0.3,16,4.85,1.44,3,0,0,20,69
100,1,1,90,0.3,10,3.44,1.71,1,55,0,0,72.8
100,1,1,28,0.51,40,10,3,3,0,0,60,31.67
100,2,2,56,0.39,19,5.16,1.5,1,55,0,0,40.2
150,1,1,3,0.5,16,5.19,1.44,3,0,0,80,12.1
150,1,1,3,0.4,16,4.61,1.44,3,0,0,0,49.2
100,1,1,28,0.32,25,2.91,1.86,3,30,0,0,39.6
150,1,1,119,0.76,19,5.99,1.52,3,0,0,18,33
150,1,1,28,0.58,20,7.15,1.5,3,0,0,0,24.14
150,1,1,7,0.8,19,6.44,1.52,3,0,0,0,19.6
100,1,1,7,0.23,10,2.48,1.44,1,45,0,0,56.3
100,1,1,28,0.44,25,4.47,1.86,3,0,0,0,27.2
100,1,1,28,0.45,31.5,4.26,1.44,3,24,0,0,37.87
250,1,1,28,0.52,40,10,3,3,0,0,0,27.14
100,1,1,28,0.39,20,4.73,2.85,6,0,0,0,61.9174
150,1,1,28,0.62,40,12,3,3,0,0,0,25.25
150,1,1,7,0.47,20,4.52,1.63,3,0,0,0,45.1
100,1,1,56,0.3,20,3.6,1.94,3,0,40,0,81.09
100,1,1,28,0.32,25,3.77,1.86,3,30,0,0,38.45
100,3,2,3,0.27,19,2.58,0.14,4,30,0,0,34.5
100,2,2,28,0.3,10,3.54,1.59,1,25,0,0,79.1
150,1,1,365,0.55,19,3.49,1.52,3,0,0,61,38.7
100,1,1,7,0.39,20,4.73,2.85,6,0,0,0,59.3601
150,1,1,365,1.02,19,9,1.52,3,0,0,0,19.8
150,1,1,365,0.76,19,5.99,1.52,3,0,0,18,36.2
100,3,2,7,0.5,19,3.97,0.81,1,45,0,0,18.6
150,1,1,28,0.18,20,3.14,1.5,3,0,16,0,65.91
50,1,1,28,0.5,13,5.02,1.16,3,0,0,0,61.92
150,1,1,28,0.59,40,12,3,3,0,0,50,24.71
100,2,2,28,0.6,14,4.49,0.87,3,0,0,0,29.7
150,1,1,7,0.47,20,4.52,1.63,3,0,10,0,45.8
100,2,2,28,0.38,19,4.16,1.5,1,55,0,0,31.8
150,1,1,119,0.75,19,5.94,1.52,3,0,0,0,30.4
100,3,2,28,0.6,19,4.61,0.86,1,45,0,0,13.4
150,1,1,180,1.01,19,8.86,1.52,3,0,0,18,21.4
150,1,1,90,0.3,16,4.85,1.44,3,0,0,20,90.1
150,1,1,119,0.6,19,4.11,1.52,3,0,0,56,36.1
100,1,1,56,0.36,12.5,3.75,1.35,5,0,0,0,71.27
100,1,1,28,0.4,20,3.5,1.63,1,0,0,0,60.7
100,2,2,3,0.5,14,4.48,0.85,3,0,0,0,23.3
100,3,2,1,0.55,19,4.23,0.82,1,15,0,0,12.5
150,1,1,28,0.39,20,4.24,1.57,3,7,0,0,60.4
150,1,1,90,0.3,16,4.84,1.44,3,0,0,40,88.3
100,3,2,7,0.55,19,4.95,0.26,4,10,0,0,25.4
100,2,4,3,0.42,25,4.39,1.24,3,0,0,0,29.8
200,1,1,28,0.67,13,6.75,1.07,3,0,0,0,30.75
100,3,2,7,0.6,19,4.53,0.9,1,75,0,0,2.6
150,1,1,14,1.01,19,8.86,1.52,3,0,0,18,13.4
100,1,1,3,0.5,12.5,4.53,1.05,5,0,0,0,25.16
100,1,1,28,0.24,25,2.83,1.83,5,40,10,0,96.0674
100,1,1,28,0.24,25,2.83,1.83,5,10,10,0,95.721
150,2,2,28,0.37,25,3.18,1.27,3,0,0,0,45.73
100,1,1,90,0.45,31.5,4.26,1.44,3,24,0,0,50.1
150,1,1,28,0.67,40,13,3,3,0,0,60,18.46
100,2,2,28,0.35,19,5.03,1.5,1,55,0,0,42.9
150,1,1,28,0.4,16,4.53,1.44,3,0,0,80,53.1
150,1,1,28,0.51,40,10,3,3,0,0,40,30.52
100,1,1,3,0.36,12.5,3.66,1.43,5,25,0,0,32.96
100,2,2,28,0.4,14,3.41,0.93,3,0,0,0,37.8
150,1,1,7,0.5,16,3.6,1.44,3,0,0,20,33.2
100,1,1,3,0.24,25,2.83,1.83,5,0,10,30,75.411
100,3,2,90,0.4,19,4.18,0.22,4,0,0,0,56.3
75,2,2,28,0.18,16,2.92,1.22,1,0,9,0,72.3077
100,1,1,28,0.4,12.5,4.12,1.35,5,25,0,0,54.73
100,2,4,180,0.42,25,4.39,1.24,3,0,0,0,55.3
150,1,1,63,0.64,19,4.73,1.52,3,0,0,42,40
100,1,1,3,0.3,10,2.29,1.55,1,15,0,0,52.1
100,1,1,1,0.29,20,4.62,4.3,6,0,0,0,52.9208
100,1,1,28,0.39,20,4.73,1.73,6,0,0,0,59.6141
150,1,1,28,0.18,16,3.71,1.22,1,0,9,0,72.37483646
100,1,1,14,0.5,31.5,3.83,2.11,1,70,0,0,8.357
100,1,1,3,0.53,20,7.45,3.54,6,0,0,0,24.8503
150,1,1,360,0.4,16,3.87,1.44,3,0,0,20,86.6
100,2,6,7,0.6,20,3.89,1.14,4,0,0,0,31.2
100,1,1,28,0.55,20,6.26,1.7,2,0,0,0,26.06
150,1,1,360,0.5,16,4.33,1.44,3,0,0,20,65.8
100,1,1,270,0.46,25,4.74,1.43,5,29,0,0,55
50,2,2,28,0.67,13,6.75,1.07,3,0,0,0,32.48
150,2,2,28,0.67,13,6.75,1.07,3,0,0,0,26.8
100,1,1,180,0.3,10,3.47,1.67,1,45,0,0,97.7
100,2,8,7,0.6,20,3.89,1.14,4,0,0,0,31.2
100,2,2,3,0.4,14,2.71,1.69,3,0,0,0,31
100,3,2,56,0.6,19,4.51,0.89,1,60,0,0,12.6
100,2,2,3,0.43,19,4.16,1.5,1,0,0,0,34
150,1,1,28,0.3,16,4.84,1.44,3,0,0,40,82
100,2,4,1,0.32,25,3.13,1.46,3,0,0,30,11.8
100,3,2,56,0.6,19,4.53,0.9,1,75,0,0,6.7
100,2,2,7,0.35,19,5.03,1.5,1,55,0,0,26.9
100,1,1,7,0.19,10,2.79,1.48,1,0,0,0,83.5
100,1,1,1,0.39,20,4.73,2.85,6,0,0,0,30.6567
150,1,1,180,0.47,19,2.56,1.52,3,0,0,50,66.7
100,1,1,91,0.51,20,3.28,1,6,0,0,0,72.7545
150,2,2,28,0.62,25,6.51,1.27,3,0,0,0,23.73
100,2,2,28,0.5,20,3.36,1.92,1,15,0,0,38.1
100,2,2,56,0.3,10,3.48,1.66,1,40,5,0,76.1
100,3,2,28,0.4,25,4.1,1.93,1,0,0,0,39.2
100,1,1,3,0.36,12.5,3.75,1.35,5,0,0,50,23.3
150,1,1,3,0.28,20,2.86,1.63,3,20,0,0,48.4
100,1,1,90,0.42,25,5.3,1.33,3,0,0,0,57.1
150,1,1,63,0.6,19,4.15,1.52,3,0,0,0,41.5
150,1,1,3,0.3,16,5.79,1.44,3,0,0,20,49.1
100,2,2,28,0.4,20,3.31,1.32,3,0,0,0,38.4
450,3,2,90,0.45,20,4.05,1.35,3,16,0,0,29.97
100,1,1,7,0.21,25,2.83,1.83,5,40,10,0,76.5169
150,1,1,7,0.5,16,5.27,1.44,3,0,0,0,44.5
100,1,1,180,0.4,20,4.45,1.86,1,55,0,0,63.2
100,3,2,21,0.5,19,4,0.77,1,30,0,0,30
100,1,1,14,0.3,20,3.6,1.94,3,0,30,0,71.21
100,1,1,120,0.46,25,4.74,1.43,5,21,0,8,52.2
100,2,2,28,0.4,20,4.48,1.82,1,45,0,0,32.7
100,1,1,91,0.77,20,10.47,1.73,6,0,0,0,22.2
150,1,1,14,0.51,19,3.24,1.52,3,0,0,42,37.5
150,1,1,28,0.27,20,3.69,1.91,3,6,7,19,86.8
100,2,2,7,0.38,19,4.16,1.5,1,55,0,0,20.8
100,1,1,90,0.5,20,4.17,1.96,1,20,5,0,63.7
200,1,1,28,0.18,20,3.14,1.5,3,0,16,0,62.29
100,1,1,3,0.77,20,10.47,2.02,6,0,0,0,13.1633
150,2,2,28,0.5,20,4.82,1.5,3,0,0,0,22.8
200,2,2,28,0.37,30,4.19,1.5,3,0,0,0,32.73
50,2,2,28,0.35,13,3.41,1.26,3,0,0,0,67.48
100,3,2,21,0.55,19,4.21,0.82,1,30,0,0,24
150,1,1,7,0.59,20,5.9,1.5,3,0,0,0,32.2
200,2,2,28,0.54,20,4.24,1.5,3,0,0,0,22.49
350,1,1,90,0.45,20,4.05,1.35,3,16,0,0,44.18
100,2,2,28,0.3,10,6.03,1.5,1,0,0,0,82.5
150,1,1,28,0.3,16,4.09,1.44,3,0,0,60,80.6
150,1,1,28,0.51,40,10,3,3,0,0,50,30.51
100,1,1,7,0.5,31.5,3.83,2.11,1,70,0,0,6.305
200,1,1,28,0.67,80,13,3,3,0,0,60,16.55
100,3,2,28,0.55,19,4.91,0.26,4,20,0,0,33.8
100,3,2,14,0.5,19,4.06,0.74,1,0,0,0,38.8
100,2,2,28,0.52,20,4.88,1.78,3,0,0,0,34.8
